id,time_days,timestamp_ms,latitude,longitude,magnitude,parent_id,generation,time_utc
us6000t7zc,0.0,1782338673389,10.436,-68.5277,7.2,NONE,0,2026-06-24 22:04:33
us6000t7zp,0.00044186342592592595,1782338711566,10.4351,-68.4716,7.5,NONE,0,2026-06-24 22:05:11
sim_313,0.000676492858405795,1782338731837,10.426250033701814,-68.61641776645497,2.4,us6000t7zc,1,2026-06-24 22:05:31
sim_198,0.0007562222679953725,1782338738726,10.488526141369983,-68.54459031485429,2.7,us6000t7zp,1,2026-06-24 22:05:38
sim_44,0.0010772039117712654,1782338766459,10.401652168884798,-68.49214822931866,2.4,us6000t7zp,1,2026-06-24 22:06:06
sim_254,0.00179026885521979,1782338828068,10.517362340953538,-67.91233032572819,2.1,us6000t7zc,1,2026-06-24 22:07:08
sim_87,0.0021415858162418667,1782338858422,10.850348814260766,-68.5572564113093,2.8,us6000t7zp,1,2026-06-24 22:07:38
sim_282,0.002188284091258588,1782338862456,10.763480612955474,-68.21052299784641,2.9,us6000t7zc,1,2026-06-24 22:07:42
sim_52,0.0022253011976540484,1782338865655,10.624351867569867,-68.37674285814109,2.1,us6000t7zp,1,2026-06-24 22:07:45
sim_327,0.0023065610207653455,1782338872675,10.452803209456544,-68.59911066594934,2.0,us6000t7zc,1,2026-06-24 22:07:52
sim_218,0.002405303368962484,1782338881207,10.407119818446885,-68.5210874169585,2.1,us6000t7zp,1,2026-06-24 22:08:01
sim_304,0.0024663271571013713,1782338886479,9.761900706887634,-69.28911322625429,2.1,us6000t7zc,1,2026-06-24 22:08:06
sim_247,0.0025889811144747775,1782338897076,10.676929503150726,-68.6028119733497,3.1,us6000t7zc,1,2026-06-24 22:08:17
sim_132,0.002591329640622302,1782338897279,10.217808844884006,-68.70596784316034,2.1,us6000t7zp,1,2026-06-24 22:08:17
sim_64,0.0032056559613487367,1782338950357,10.401600971681882,-68.59566805599817,2.4,us6000t7zp,1,2026-06-24 22:09:10
sim_29,0.003289351069377005,1782338957588,10.431924869602264,-68.66338171074018,2.1,us6000t7zp,1,2026-06-24 22:09:17
sim_168,0.004700309470851254,1782339079495,10.502566339418562,-68.41067027681538,2.3,us6000t7zp,1,2026-06-24 22:11:19
sim_322,0.005143710568827487,1782339117805,10.49493755443015,-68.48942702342677,2.0,us6000t7zc,1,2026-06-24 22:11:57
sim_289,0.005973047356718615,1782339189460,10.356973249130741,-68.54931860835812,2.5,us6000t7zc,1,2026-06-24 22:13:09
sim_85,0.006590131356158658,1782339242776,10.439546479935302,-68.43228265903338,2.1,us6000t7zp,1,2026-06-24 22:14:02
sim_238,0.0068326726491176795,1782339263731,10.444022827227803,-68.81558951050326,2.0,us6000t7zc,1,2026-06-24 22:14:23
sim_276,0.006953664881063695,1782339274185,10.452211040242489,-69.06806597010922,2.5,us6000t7zc,1,2026-06-24 22:14:34
sim_117,0.007593043654131611,1782339329427,10.305301860546196,-66.95209485040603,2.4,us6000t7zp,1,2026-06-24 22:15:29
sim_146,0.008100434795491638,1782339373266,10.135709911977218,-67.91059042178514,2.4,us6000t7zp,1,2026-06-24 22:16:13
sim_105,0.008325361356520731,1782339392700,10.309542404629537,-68.80374708108134,2.2,us6000t7zp,1,2026-06-24 22:16:32
sim_43,0.008408741113309763,1782339399904,10.40414527881334,-68.42909537404577,2.4,us6000t7zp,1,2026-06-24 22:16:39
sim_241,0.008971224358721488,1782339448502,11.166494017819769,-67.88778508152105,2.2,us6000t7zc,1,2026-06-24 22:17:28
sim_95,0.009372012306468336,1782339483130,10.408526019365784,-68.38832795489698,3.0,us6000t7zp,1,2026-06-24 22:18:03
sim_101,0.010796522672677914,1782339606208,10.401687954393568,-68.48241053896287,2.4,us6000t7zp,1,2026-06-24 22:20:06
sim_311,0.010938901927136238,1782339618510,10.430237096497201,-68.45793846537379,2.3,us6000t7zc,1,2026-06-24 22:20:18
sim_259,0.011824420666107845,1782339695018,10.52810720023101,-68.55002254914392,2.1,us6000t7zc,1,2026-06-24 22:21:35
sim_195,0.01272380279747703,1782339772725,9.163073793905372,-67.66327851916014,2.3,us6000t7zp,1,2026-06-24 22:22:52
sim_38,0.01276328873127195,1782339776137,9.69714484495736,-67.69884498031647,2.2,us6000t7zp,1,2026-06-24 22:22:56
sim_76,0.01320451357257902,1782339814258,10.441463955172232,-68.44686792130122,2.0,us6000t7zp,1,2026-06-24 22:23:34
sim_100,0.013375964742314636,1782339829072,10.38712329222348,-68.46806564145328,2.2,us6000t7zp,1,2026-06-24 22:23:49
us6000t80d,0.013430381944444444,1782339833774,10.5911,-66.6976,4.5,NONE,0,2026-06-24 22:23:53
sim_272,0.01521106115132206,1782339987624,10.239436856860385,-67.82908333433153,2.1,us6000t7zc,1,2026-06-24 22:26:27
sim_292,0.015321649768472395,1782339997179,10.485411393481991,-68.20506373396584,2.6,us6000t7zc,1,2026-06-24 22:26:37
sim_315,0.01583788431372348,1782340041782,10.281124665915051,-68.59066410886982,2.2,us6000t7zc,1,2026-06-24 22:27:21
sim_222,0.01735634278864862,1782340172977,10.48356538799534,-69.13886347416664,2.6,us6000t7zc,1,2026-06-24 22:29:32
sim_140,0.020435475757352294,1782340439014,10.398551124565167,-68.50200185598139,2.1,us6000t7zp,1,2026-06-24 22:33:59
sim_193,0.02058594146163566,1782340452014,10.328829681372838,-68.60784955062317,2.5,us6000t7zp,1,2026-06-24 22:34:12
sim_159,0.02066195670760328,1782340458582,10.494097021422284,-68.43388898123125,2.0,us6000t7zp,1,2026-06-24 22:34:18
sim_45,0.022622251480164418,1782340627951,10.287324591648527,-68.5290322296306,2.0,us6000t7zp,1,2026-06-24 22:37:07
sim_119,0.02308853105211864,1782340668238,9.631842168149564,-68.07123315699097,2.5,us6000t7zp,1,2026-06-24 22:37:48
sim_81,0.023171169434971745,1782340675378,10.410322858842209,-68.49180505157464,2.5,us6000t7zp,1,2026-06-24 22:37:55
sim_175,0.02335986777578612,1782340691681,10.386802215056594,-68.45050381397684,2.1,us6000t7zp,1,2026-06-24 22:38:11
sim_264,0.023818264331194206,1782340731287,11.926064601547843,-68.35244227188976,2.4,us6000t7zc,1,2026-06-24 22:38:51
sim_142,0.02572629637569279,1782340896141,10.449930719232281,-68.41416982097233,2.5,us6000t7zp,1,2026-06-24 22:41:36
sim_72,0.026004492235486173,1782340920177,10.486029658703629,-68.4716790347703,2.2,us6000t7zp,1,2026-06-24 22:42:00
sim_266,0.026504062647904388,1782340963340,10.495225878792379,-68.50228320974306,2.1,us6000t7zc,1,2026-06-24 22:42:43
sim_201,0.026904270295503078,1782340997917,10.502378712864688,-68.59407163978123,2.1,us6000t7zp,1,2026-06-24 22:43:17
sim_214,0.02754753470784856,1782341053495,10.650547516886729,-68.45530408481324,2.7,us6000t7zp,1,2026-06-24 22:44:13
sim_173,0.02836736779757527,1782341124329,10.404419048239625,-68.47334230353687,3.2,us6000t7zp,1,2026-06-24 22:45:24
sim_302,0.029278067389581823,1782341203014,9.84075206897911,-68.42560096859138,3.5,us6000t7zc,1,2026-06-24 22:46:43
sim_165,0.030211549830700336,1782341283666,10.474443656962569,-68.55065000097146,2.6,us6000t7zp,1,2026-06-24 22:48:03
sim_116,0.030564720318005407,1782341314180,10.53537666750716,-68.54901325989076,2.1,us6000t7zp,1,2026-06-24 22:48:34
sim_316,0.03432110264836662,1782341638732,10.468514388974564,-68.48483782060508,2.7,us6000t7zc,1,2026-06-24 22:53:58
sim_21,0.03571661171156622,1782341759304,9.530824760083615,-66.28519966726664,2.1,us6000t80d,1,2026-06-24 22:55:59
sim_148,0.03831615424460665,1782341983904,10.444686631242483,-68.57152402920134,2.1,us6000t7zp,1,2026-06-24 22:59:43
sim_133,0.03980127127499201,1782342112218,10.439361705063861,-68.42431412848826,2.5,us6000t7zp,1,2026-06-24 23:01:52
sim_67,0.0410125343645568,1782342216871,10.535484100839744,-68.29986198396504,2.6,us6000t7zp,1,2026-06-24 23:03:36
sim_323,0.042053887541238705,1782342306844,11.717926405937288,-69.31968800926705,2.9,us6000t7zc,1,2026-06-24 23:05:06
sim_296,0.04275060752484632,1782342367041,10.404600226350233,-68.54260197940155,2.5,us6000t7zc,1,2026-06-24 23:06:07
sim_270,0.0444376607715169,1782342512802,10.421038168283397,-68.5920035114263,2.7,us6000t7zc,1,2026-06-24 23:08:32
sim_46,0.0447994509336243,1782342544061,10.70043523481976,-68.44993844468172,2.5,us6000t7zp,1,2026-06-24 23:09:04
sim_36,0.04585108716392526,1782342634922,10.622534138305042,-68.37353381738833,2.3,us6000t7zp,1,2026-06-24 23:10:34
sim_300,0.04708970729520978,1782342741939,10.448194432864145,-68.465125110179,3.0,us6000t7zc,1,2026-06-24 23:12:21
sim_260,0.04892857983598612,1782342900818,10.438686924007115,-68.50347474480182,2.2,us6000t7zc,1,2026-06-24 23:15:00
sim_139,0.05283414309265334,1782343238258,10.459049999578388,-68.44840648856581,2.4,us6000t7zp,1,2026-06-24 23:20:38
sim_40,0.05377648111450245,1782343319676,10.412730139134224,-68.44141750304945,2.3,us6000t7zp,1,2026-06-24 23:21:59
sim_166,0.054087810648930416,1782343346575,10.408169325178944,-68.50443972782578,2.3,us6000t7zp,1,2026-06-24 23:22:26
sim_152,0.05412185747368918,1782343349517,10.487179801477662,-68.5260979110414,2.3,us6000t7zp,1,2026-06-24 23:22:29
sim_215,0.05451649585990291,1782343383614,10.217197214632034,-68.29817647614571,2.0,us6000t7zp,1,2026-06-24 23:23:03
sim_49,0.054979793712065655,1782343423643,11.368560886694535,-69.66550597394911,2.1,us6000t7zp,1,2026-06-24 23:23:43
sim_127,0.05692409539562365,1782343591630,10.523338654599632,-68.38644865843857,2.8,us6000t7zp,1,2026-06-24 23:26:31
sim_75,0.057150007230415766,1782343611149,10.340188117682832,-68.46683843307646,2.2,us6000t7zp,1,2026-06-24 23:26:51
sim_358,0.05843107419847227,1782343721833,9.780557464278775,-67.20389738056998,2.2,sim_148,2,2026-06-24 23:28:41
sim_28,0.059595251962532354,1782343822418,10.565683173317545,-68.51555416902944,3.4,us6000t7zp,1,2026-06-24 23:30:22
sim_150,0.059999977173778744,1782343857387,10.271499392215677,-68.25656388457953,2.0,us6000t7zp,1,2026-06-24 23:30:57
sim_357,0.06033790245987264,1782343886583,10.53706238694227,-68.28670608150212,2.5,sim_142,2,2026-06-24 23:31:26
sim_163,0.06348759097963355,1782344158716,10.388050808082314,-68.49843411288404,2.7,us6000t7zp,1,2026-06-24 23:35:58
sim_236,0.06597318428720297,1782344373472,10.493359986750145,-68.35351984052107,2.0,us6000t7zc,1,2026-06-24 23:39:33
sim_383,0.06643041871502889,1782344412977,10.428374723850244,-68.46492251366793,2.6,sim_270,2,2026-06-24 23:40:12
sim_220,0.07007762620416953,1782344728095,10.542303587100163,-68.696641510528,2.4,us6000t7zc,1,2026-06-24 23:45:28
sim_70,0.07256842812166064,1782344943301,10.490960220510157,-68.3658654770605,2.7,us6000t7zp,1,2026-06-24 23:49:03
sim_226,0.07324279438552621,1782345001566,10.428021312216597,-68.51411876797489,2.1,us6000t7zc,1,2026-06-24 23:50:01
sim_297,0.0739726164303778,1782345064623,11.655359091933551,-67.63941359403354,2.5,us6000t7zc,1,2026-06-24 23:51:04
sim_299,0.07471251041774826,1782345128549,11.245032853537293,-69.81206364110362,2.2,us6000t7zc,1,2026-06-24 23:52:08
sim_147,0.07725552903658293,1782345348266,10.030150922376274,-68.47610263873325,2.0,us6000t7zp,1,2026-06-24 23:55:48
sim_143,0.07863882829761372,1782345467783,10.464306674714518,-68.42394943194085,2.1,us6000t7zp,1,2026-06-24 23:57:47
sim_30,0.07868458638826449,1782345471737,11.301641495362245,-68.4137294815647,2.0,us6000t7zp,1,2026-06-24 23:57:51
sim_160,0.08412867375426089,1782345942106,10.402198984710612,-68.42746871639065,2.1,us6000t7zp,1,2026-06-25 00:05:42
sim_60,0.09190196718264149,1782346613718,10.052190877872532,-68.31712497436112,2.2,us6000t7zp,1,2026-06-25 00:16:53
sim_234,0.09490571807603447,1782346873243,10.460924122142542,-68.69484389426475,2.6,us6000t7zc,1,2026-06-25 00:21:13
sim_342,0.09548779405911145,1782346923534,11.504921180929696,-69.84220100565355,2.5,sim_49,2,2026-06-25 00:22:03
sim_178,0.09968255155919994,1782347285961,10.429857795533467,-68.78341973398932,2.3,us6000t7zp,1,2026-06-25 00:28:05
sim_387,0.10064912622037978,1782347369473,9.845686318726242,-68.88251627036892,2.7,sim_302,2,2026-06-25 00:29:29
sim_409,0.10153177378121661,1782347445734,9.817735751967465,-69.04566723091779,2.1,sim_387,3,2026-06-25 00:30:45
sim_183,0.11110493176267995,1782348272855,10.364922061030006,-68.47431552878204,2.1,us6000t7zp,1,2026-06-25 00:44:32
sim_252,0.11491759781528929,1782348602269,10.286816119238061,-68.48801624068497,2.0,us6000t7zc,1,2026-06-25 00:50:02
sim_56,0.11736224450174607,1782348813486,10.416354945537472,-68.52271923422308,2.8,us6000t7zp,1,2026-06-25 00:53:33
sim_153,0.12393946358848178,1782349381758,10.490238274263916,-68.50128399145375,2.0,us6000t7zp,1,2026-06-25 01:03:01
sim_293,0.1255251042588597,1782349518758,10.30265849097365,-68.51021897752985,2.0,us6000t7zc,1,2026-06-25 01:05:18
sim_366,0.13136639506592498,1782350023445,10.469052800771873,-68.79163286546047,2.4,sim_201,2,2026-06-25 01:13:43
sim_97,0.1329160243848934,1782350157333,10.204307777342695,-68.46809850256489,2.2,us6000t7zp,1,2026-06-25 01:15:57
sim_181,0.14206941520596617,1782350948186,10.389583840950003,-68.4584608005278,2.4,us6000t7zp,1,2026-06-25 01:29:08
sim_26,0.1462526387146798,1782351309616,11.688713091883104,-69.10306319118814,2.1,us6000t7zp,1,2026-06-25 01:35:09
sim_63,0.1468498367656976,1782351361214,10.490818783876833,-68.38707547255957,3.0,us6000t7zp,1,2026-06-25 01:36:01
sim_219,0.15256378710648666,1782351854900,10.485792806735489,-68.58140745227819,2.7,us6000t7zc,1,2026-06-25 01:44:14
sim_141,0.1594894971604101,1782352453281,10.56067126682767,-69.24506485573727,2.1,us6000t7zp,1,2026-06-25 01:54:13
sim_135,0.16401560325091105,1782352844337,10.294446532139292,-68.44090001824043,3.0,us6000t7zp,1,2026-06-25 02:00:44
sim_267,0.16693032897621568,1782353096169,10.430509613082823,-68.49930502876991,2.7,us6000t7zc,1,2026-06-25 02:04:56
sim_314,0.16784357412717785,1782353175073,10.446021153250504,-68.50876635555109,2.0,us6000t7zc,1,2026-06-25 02:06:15
sim_256,0.16799863326615974,1782353188470,10.629133456295087,-68.80501030348591,4.7,us6000t7zc,1,2026-06-25 02:06:28
sim_129,0.18267742597812828,1782354456718,10.3982991424772,-68.49169259986523,2.4,us6000t7zp,1,2026-06-25 02:27:36
sim_376,0.18293738378545465,1782354479178,10.589556283338773,-68.7220441564685,2.5,sim_256,2,2026-06-25 02:27:59
sim_66,0.18677611810052222,1782354810845,10.428872172096733,-68.51661535888226,2.8,us6000t7zp,1,2026-06-25 02:33:30
sim_202,0.1913435459245348,1782355205471,10.307201084590487,-68.59028881292828,3.1,us6000t7zp,1,2026-06-25 02:40:05
sim_157,0.19279558498077953,1782355330927,10.344199631560818,-68.66555415139358,2.1,us6000t7zp,1,2026-06-25 02:42:10
sim_301,0.204271832472607,1782356322475,10.533896110561104,-69.11346913584579,2.5,us6000t7zc,1,2026-06-25 02:58:42
sim_149,0.20559187498201573,1782356436526,10.309595423691446,-68.47362804894088,2.4,us6000t7zp,1,2026-06-25 03:00:36
sim_329,0.21004295192287534,1782356821100,10.810031516474483,-67.05064791568873,2.2,us6000t7zc,1,2026-06-25 03:07:01
sim_109,0.21963436739945003,1782357649798,10.37749105571872,-68.41755414580255,3.4,us6000t7zp,1,2026-06-25 03:20:49
sim_123,0.23490790859691682,1782358969432,9.179420702572147,-67.63727076420544,2.4,us6000t7zp,1,2026-06-25 03:42:49
sim_231,0.24046614336922997,1782359449663,10.478398551042948,-68.38587160606842,2.2,us6000t7zc,1,2026-06-25 03:50:49
sim_84,0.24908138285035006,1782360194020,9.594710249065505,-67.20822935309971,3.2,us6000t7zp,1,2026-06-25 04:03:14
sim_346,0.2503865217272734,1782360306784,9.597518554114112,-67.14833739894726,3.4,sim_84,2,2026-06-25 04:05:06
sim_37,0.25086552336849327,1782360348170,11.394755574892384,-67.63841478986535,2.5,us6000t7zp,1,2026-06-25 04:05:48
sim_233,0.25778920945873063,1782360946376,10.498258417886783,-68.57723486939784,2.1,us6000t7zc,1,2026-06-25 04:15:46
sim_216,0.2824753150786604,1782363079256,10.653427802907443,-68.40707942185917,2.8,us6000t7zp,1,2026-06-25 04:51:19
sim_186,0.2828106484246041,1782363108229,10.747642636874257,-68.2404536417441,2.1,us6000t7zp,1,2026-06-25 04:51:48
sim_162,0.2846551742498737,1782363267596,9.313099874499581,-67.459309472775,2.1,us6000t7zp,1,2026-06-25 04:54:27
sim_197,0.28841918526174376,1782363592806,10.458858965836226,-68.48592775642366,2.4,us6000t7zp,1,2026-06-25 04:59:52
sim_274,0.321186532539634,1782366423905,10.535128610976118,-68.53388501060677,2.0,us6000t7zc,1,2026-06-25 05:47:03
us6000t81p,0.32210355324074075,1782366503136,10.5111,-66.5057,4.4,NONE,0,2026-06-25 05:48:23
sim_211,0.32267896554820974,1782366552851,10.450374514572141,-68.46120850046853,2.4,us6000t7zp,1,2026-06-25 05:49:12
sim_19,0.3244760536585663,1782366708120,10.699539468745066,-66.58771759702476,2.0,us6000t81p,1,2026-06-25 05:51:48
sim_171,0.3345550095219647,1782367578941,10.395147196522986,-68.3859269237784,2.3,us6000t7zp,1,2026-06-25 06:06:18
sim_204,0.34561043392156354,1782368534130,10.43440563715019,-68.43565489364074,2.1,us6000t7zp,1,2026-06-25 06:22:14
sim_258,0.3581460435574862,1782369617207,10.323585296247938,-68.53663656996449,2.6,us6000t7zc,1,2026-06-25 06:40:17
sim_377,0.38069126531740305,1782371565114,10.672217524230998,-68.91452993399999,2.1,sim_256,2,2026-06-25 07:12:45
sim_378,0.3914898046002343,1782372498108,9.765952693079779,-68.97169144444959,2.1,sim_258,2,2026-06-25 07:28:18
sim_24,0.4005016806198148,1782373276734,10.103309780734355,-68.1898847006315,2.1,us6000t7zp,1,2026-06-25 07:41:16
sim_261,0.4032488989272545,1782373514093,10.343449658694485,-68.572238434511,3.9,us6000t7zc,1,2026-06-25 07:45:14
sim_92,0.40961714096929186,1782374064309,10.124232589142805,-68.46257501011854,2.8,us6000t7zp,1,2026-06-25 07:54:24
sim_306,0.4156524745200274,1782374585762,10.43917307951985,-68.58873516940665,2.5,us6000t7zc,1,2026-06-25 08:03:05
sim_239,0.43887528487420263,1782376592213,10.372693652835194,-68.49785151910419,2.5,us6000t7zc,1,2026-06-25 08:36:32
sim_221,0.44581531975160765,1782377191832,10.410427051945474,-68.45024026118261,2.3,us6000t7zc,1,2026-06-25 08:46:31
sim_340,0.49019261713950685,1782381026031,10.94115771989141,-68.22193288827815,2.5,sim_44,2,2026-06-25 09:50:26
sim_294,0.5021845498224738,1782382062134,10.434632440431232,-68.45074266413717,2.5,us6000t7zc,1,2026-06-25 10:07:42
sim_242,0.502820139415545,1782382117049,10.421190425689655,-68.58357064533911,3.3,us6000t7zc,1,2026-06-25 10:08:37
sim_295,0.537300903597312,1782385096187,10.385632877058157,-68.51288730014235,2.2,us6000t7zc,1,2026-06-25 10:58:16
sim_200,0.5433011878475402,1782385614611,10.454280811140034,-68.53491111797527,2.6,us6000t7zp,1,2026-06-25 11:06:54
sim_208,0.5505609570389536,1782386241855,10.488908776832677,-68.6117497006352,2.6,us6000t7zp,1,2026-06-25 11:17:21
sim_308,0.5634907577740716,1782387358990,10.441409108957632,-68.51646342503709,2.2,us6000t7zc,1,2026-06-25 11:35:58
sim_144,0.6045150078406287,1782390903485,10.481282981286325,-68.51261917320848,2.1,us6000t7zp,1,2026-06-25 12:35:03
sim_107,0.6678547001623166,1782396376035,10.454145015576614,-68.45066865835405,2.0,us6000t7zp,1,2026-06-25 14:06:16
sim_124,0.6681311480235237,1782396399920,10.544761754341838,-68.48811856371704,2.8,us6000t7zp,1,2026-06-25 14:06:39
sim_207,0.6975312214296481,1782398940086,10.501512368731065,-68.31743600184905,2.0,us6000t7zp,1,2026-06-25 14:49:00
sim_78,0.7102038911229732,1782400035005,10.457075293474675,-68.5222304954273,2.3,us6000t7zp,1,2026-06-25 15:07:15
sim_309,0.7715747162733709,1782405337444,10.613069175630637,-68.57593863866319,2.2,us6000t7zc,1,2026-06-25 16:35:37
sim_305,0.7876268073704473,1782406724345,10.466152690021792,-68.49711162910246,2.7,us6000t7zc,1,2026-06-25 16:58:44
sim_31,0.8743906755743528,1782414220743,11.93323151792642,-68.39549506862204,2.1,us6000t7zp,1,2026-06-25 19:03:40
sim_339,0.8797470035896516,1782414683530,9.871291744509177,-67.55203659701873,2.3,sim_38,2,2026-06-25 19:11:23
sim_51,0.9105961099655179,1782417348892,10.376972196226795,-68.48193386315805,2.4,us6000t7zp,1,2026-06-25 19:55:48
sim_275,0.9517953098913681,1782420908503,10.46973094573549,-68.52119815500284,2.6,us6000t7zc,1,2026-06-25 20:55:08
sim_155,0.9855266093552516,1782423822888,10.426845380414404,-68.50694591833275,2.7,us6000t7zp,1,2026-06-25 21:43:42
sim_312,0.9910033584329171,1782424296079,10.250938256292129,-68.58563539138315,2.1,us6000t7zc,1,2026-06-25 21:51:36
sim_379,1.0055085620488506,1782425549328,9.848044096739246,-68.640714457006,2.6,sim_261,2,2026-06-25 22:12:29
sim_284,1.1131439482372156,1782434849026,10.444839649269518,-68.52983034006144,2.8,us6000t7zc,1,2026-06-26 00:47:29
sim_25,1.164740279155439,1782439306949,10.544998058533496,-68.45181327954919,2.0,us6000t7zp,1,2026-06-26 02:01:46
us6000t8d1,1.2603818171296297,1782447570378,10.4537,-68.3607,4.4,NONE,0,2026-06-26 04:19:30
sim_16,1.2658745675292642,1782448044951,10.528632497228912,-68.399635046389,2.2,us6000t8d1,1,2026-06-26 04:27:24
sim_15,1.2731095477090861,1782448670053,10.04876967650568,-68.78136654073826,2.2,us6000t8d1,1,2026-06-26 04:37:50
sim_176,1.3823415888518564,1782458107702,10.368337133045745,-68.40181068056401,2.5,us6000t7zp,1,2026-06-26 07:15:07
sim_334,1.3935290032340948,1782459074294,10.780670888257516,-68.16153681207817,2.5,sim_16,2,2026-06-26 07:31:14
sim_161,1.4108044023042483,1782460566889,10.422990987533131,-68.36084785325305,2.0,us6000t7zp,1,2026-06-26 07:56:06
sim_255,1.5017298892798117,1782468422851,9.186587568133685,-68.12562451579208,2.9,us6000t7zc,1,2026-06-26 10:07:02
sim_68,1.55492590673674,1782473018987,10.317515968808971,-68.57380627057773,2.0,us6000t7zp,1,2026-06-26 11:23:38
sim_151,1.5719198268564036,1782474487262,10.448193343779291,-68.51041591451717,2.3,us6000t7zp,1,2026-06-26 11:48:07
sim_182,1.6026243901822106,1782477140136,9.707341390191093,-68.28853767955115,2.4,us6000t7zp,1,2026-06-26 12:32:20
sim_118,1.6646707785305,1782482500944,10.357932907605226,-68.43834825193625,2.5,us6000t7zp,1,2026-06-26 14:01:40
sim_18,1.6975495020691824,1782485341665,10.529322868539529,-66.39064357146569,2.3,us6000t81p,1,2026-06-26 14:49:01
sim_286,1.7608798719417997,1782490813409,10.656723007086997,-68.24567738293395,2.4,us6000t7zc,1,2026-06-26 16:20:13
sim_287,1.7941145928247546,1782493684889,11.692949954322405,-69.3600510700742,2.6,us6000t7zc,1,2026-06-26 17:08:04
sim_318,1.7948949692597658,1782493752314,10.245325682673682,-68.3433986547234,2.0,us6000t7zc,1,2026-06-26 17:09:12
sim_224,1.8037832402859062,1782494520260,10.638829328557478,-68.53792963698461,2.1,us6000t7zc,1,2026-06-26 17:22:00
sim_188,1.8332498511886033,1782497066176,10.493598605039013,-68.51240559246766,2.5,us6000t7zp,1,2026-06-26 18:04:26
us6000t8k6,2.008084976851852,1782512171931,10.8,-67.5993,4.7,NONE,0,2026-06-26 22:16:11
sim_14,2.008461036844184,1782512204422,10.389490056981536,-67.7154436811883,2.1,us6000t8k6,1,2026-06-26 22:16:44
sim_13,2.014846582369407,1782512756133,9.314627486240125,-67.38656173803749,2.7,us6000t8k6,1,2026-06-26 22:25:56
sim_99,2.026953954586321,1782513802210,10.358043150394158,-68.37962203663378,2.0,us6000t7zp,1,2026-06-26 22:43:22
sim_364,2.0293581218541052,1782514009930,9.70408739545353,-68.3740412859013,3.5,sim_182,2,2026-06-26 22:46:49
sim_401,2.052553081586568,1782516013975,9.615475415532085,-68.3702254246238,2.1,sim_364,3,2026-06-26 23:20:13
sim_12,2.088216565075482,1782519095300,10.920446075076338,-67.49905523239178,2.2,us6000t8k6,1,2026-06-27 00:11:35
sim_112,2.16225182933276,1782525491947,10.218171319953983,-69.9807920795806,2.0,us6000t7zp,1,2026-06-27 01:58:11
sim_126,2.214144731447717,1782529975493,10.320501069356254,-68.14942479638094,4.5,us6000t7zp,1,2026-06-27 03:12:55
sim_164,2.259048802858717,1782533855205,10.600858839445817,-68.50372901562524,3.2,us6000t7zp,1,2026-06-27 04:17:35
sim_209,2.3597220610432923,1782542553375,10.48121385811675,-68.45022547560406,2.2,us6000t7zp,1,2026-06-27 06:42:33
sim_131,2.4067972198747873,1782546620668,10.801930041689458,-69.009352894602,2.3,us6000t7zp,1,2026-06-27 07:50:20
sim_352,2.5203049476497625,1782556427736,10.208091299554132,-68.17301337707151,2.5,sim_126,2,2026-06-27 10:33:47
sim_397,2.532731105756449,1782557501356,10.257334605416654,-68.16519066266207,2.2,sim_352,3,2026-06-27 10:51:41
sim_359,2.5404306608430502,1782558166598,10.52961035402056,-68.60271745130177,2.2,sim_164,2,2026-06-27 11:02:46
sim_192,2.566515105451431,1782560420294,10.317510365056876,-68.24577899274192,3.2,us6000t7zp,1,2026-06-27 11:40:20
sim_278,2.5898456752127204,1782562436055,10.384710631160443,-68.47311301014918,2.5,us6000t7zc,1,2026-06-27 12:13:56
sim_48,2.695504815716914,1782571565005,10.462654613533248,-68.49716396060904,2.5,us6000t7zp,1,2026-06-27 14:46:05
sim_184,2.7624911368805267,1782577352623,10.206354789387694,-68.23378909612987,2.0,us6000t7zp,1,2026-06-27 16:22:32
us6000t8q8,2.8861483449074075,1782588036606,10.6023,-67.5112,4.8,NONE,0,2026-06-27 19:20:36
sim_11,2.894694975858688,1782588775034,10.618887217567625,-67.45342289572714,3.1,us6000t8q8,1,2026-06-27 19:32:55
sim_96,2.91988325754142,1782590951302,10.49940520726287,-68.66634652187193,3.3,us6000t7zp,1,2026-06-27 20:09:11
sim_8,2.949772286920829,1782593533714,10.808880451495552,-67.59703657590707,3.0,us6000t8q8,1,2026-06-27 20:52:13
sim_227,3.064372882470072,1782603435206,10.410695282876144,-68.60034382988435,2.1,us6000t7zc,1,2026-06-27 23:37:15
sim_330,3.1709336564706843,1782612642056,10.319491637036334,-68.54626694815512,2.9,us6000t7zc,1,2026-06-28 02:10:42
sim_391,3.1869238372835698,1782614023608,10.285595136060765,-68.55107346347323,2.3,sim_330,2,2026-06-28 02:33:43
sim_271,3.242862737303576,1782618856729,10.41038757787987,-68.50083868867364,2.4,us6000t7zc,1,2026-06-28 03:54:16
sim_167,3.303429095072697,1782624089662,10.441069700804187,-68.52258434283975,2.1,us6000t7zp,1,2026-06-28 05:21:29
sim_307,3.3419179224526987,1782627415097,10.364632074229965,-68.50534555540865,2.0,us6000t7zc,1,2026-06-28 06:16:55
sim_290,3.352578222916749,1782628336147,10.372286605892848,-68.5958986639208,2.0,us6000t7zc,1,2026-06-28 06:32:16
us6000t8su,3.4455669791666668,1782636370376,10.6806,-68.4901,4.5,NONE,0,2026-06-28 08:46:10
sim_6,3.47034527257425,1782638511220,10.671017077746527,-68.46078686597849,2.4,us6000t8su,1,2026-06-28 09:21:51
us6000t8sx,3.4787669328703705,1782639238852,10.4497,-68.3766,4.3,NONE,0,2026-06-28 09:33:58
sim_375,3.5341390245924797,1782644023000,10.344679196907371,-68.68668128624608,2.4,sim_256,2,2026-06-28 10:53:43
sim_82,3.5530004805673876,1782645652630,9.824989845816559,-69.6802304089826,2.0,us6000t7zp,1,2026-06-28 11:20:52
sim_134,3.799869629059829,1782666982124,10.47511785804734,-68.56979265260377,2.2,us6000t7zp,1,2026-06-28 17:16:22
sim_65,3.8570590585056,1782671923291,10.439802492053593,-68.45159927671138,2.1,us6000t7zp,1,2026-06-28 18:38:43
sim_35,3.8608211585269037,1782672248337,10.459533875701489,-68.23408590013793,2.0,us6000t7zp,1,2026-06-28 18:44:08
sim_332,3.953565346721834,1782680261434,11.317712273086444,-68.3014787741209,2.1,us6000t7zc,1,2026-06-28 20:57:41
sim_277,3.9572916502800726,1782680583387,10.803045875581335,-68.79108795477697,2.3,us6000t7zc,1,2026-06-28 21:03:03
sim_382,3.9930953602801087,1782683676828,10.56593006747315,-68.54171169353386,2.3,sim_267,2,2026-06-28 21:54:36
sim_5,4.048257670185149,1782688442851,10.795371345056097,-68.26159328778981,2.2,us6000t8sx,1,2026-06-28 23:14:02
sim_205,4.15645143870785,1782697790793,10.40422290818222,-68.47160779797225,2.3,us6000t7zp,1,2026-06-29 01:49:50
sim_250,4.217260226410241,1782703044672,10.481551932143239,-68.4787269312499,2.0,us6000t7zc,1,2026-06-29 03:17:24
sim_237,4.257473989279228,1782706519141,10.347110093162273,-68.51575500949498,2.3,us6000t7zc,1,2026-06-29 04:15:19
sim_407,4.46218755821808,1782724206394,10.66204124159624,-68.37269183733858,2.1,sim_382,3,2026-06-29 09:10:06
us6000t8yf,4.539237581018519,1782730863516,10.8601,-66.8435,4.6,NONE,0,2026-06-29 11:01:03
sim_2,4.540724939248019,1782730992023,9.556884969139983,-66.08723707640578,2.5,us6000t8yf,1,2026-06-29 11:03:12
sim_1,4.544139801345031,1782731287067,10.508532954911239,-67.3290251510803,2.1,us6000t8yf,1,2026-06-29 11:08:07
sim_3,4.567346373069034,1782733292115,10.913395507006847,-66.8627461099487,2.1,us6000t8yf,1,2026-06-29 11:41:32
sim_9,4.829711831519598,1782755960491,10.59150178932371,-67.45441618297444,2.3,us6000t8q8,1,2026-06-29 17:59:20
sim_4,4.963145439911939,1782767489155,10.808635013276758,-66.90536422145054,2.3,us6000t8yf,1,2026-06-29 21:11:29
sim_128,4.979004558778782,1782768859382,10.376924312175579,-68.50330184896863,3.3,us6000t7zp,1,2026-06-29 21:34:19
sim_355,5.024490552691177,1782772789372,10.416969544911169,-68.41596710062855,2.2,sim_128,2,2026-06-29 22:39:49
sim_354,5.370595989331381,1782802692882,10.356782362701631,-68.08176050317243,2.6,sim_126,2,2026-06-30 06:58:12
sim_398,5.383136071076395,1782803776345,9.798647611295074,-68.17962975764479,2.3,sim_354,3,2026-06-30 07:16:16
sim_191,5.448675716879994,1782809438970,10.423989811909715,-68.46070406003884,2.3,us6000t7zp,1,2026-06-30 08:50:38
sim_348,5.754068369816698,1782835824896,10.391754053263789,-68.50146722299596,2.2,sim_92,2,2026-06-30 16:10:24
sim_79,5.87881273278484,1782846602809,10.492421097044963,-68.27240241326784,2.2,us6000t7zp,1,2026-06-30 19:10:02
sim_136,6.557721245902579,1782905260504,10.255547375765524,-67.91540626849401,2.2,us6000t7zp,1,2026-07-01 11:27:40
sim_180,6.812481583938419,1782927271797,10.419411923863894,-68.43143390875456,3.0,us6000t7zp,1,2026-07-01 17:34:31
sim_373,6.86556346843492,1782931858072,10.615198265503981,-67.8838860508382,2.6,sim_254,2,2026-07-01 18:50:58
sim_80,7.012079313938569,1782944517041,10.325498917408229,-68.38347176401041,2.2,us6000t7zp,1,2026-07-01 22:21:57
sim_253,7.015574959876602,1782944819065,9.972209134981085,-69.05680340796722,2.2,us6000t7zc,1,2026-07-01 22:26:59
sim_257,7.221037545907055,1782962571032,10.373278128971084,-67.89210021001824,2.3,us6000t7zc,1,2026-07-02 03:22:51
sim_50,7.709757553469834,1783004796441,10.428777606008731,-68.85955331640315,3.0,us6000t7zp,1,2026-07-02 15:06:36
sim_33,7.874594890196737,1783019038387,10.389828265000228,-68.6729319274816,2.2,us6000t7zp,1,2026-07-02 19:03:58
sim_41,7.989277165960472,1783028946936,10.508843627444927,-68.52551199119395,3.0,us6000t7zp,1,2026-07-02 21:49:06
sim_338,8.934050875433075,1783110575384,9.865587448974319,-68.28346387892226,3.3,sim_38,2,2026-07-03 20:29:35
sim_392,8.940152569312916,1783111102570,9.893259226317303,-68.28922287248727,3.4,sim_338,3,2026-07-03 20:38:22
sim_362,9.261343360400394,1783138853455,10.732489679389301,-68.16992502818209,3.6,sim_173,2,2026-07-04 04:20:53
sim_83,9.640952853727185,1783171651715,10.400009097356072,-68.59266179565759,2.2,us6000t7zp,1,2026-07-04 13:27:31
sim_321,9.692883979684566,1783176138564,10.28821953581509,-68.54516020696221,2.3,us6000t7zc,1,2026-07-04 14:42:18
sim_246,10.0,1783202673389,10.412829095737134,-68.57949423833055,2.5,us6000t7zc,1,2026-07-04 22:04:33
sim_249,10.0,1783202673389,10.360314701842984,-68.48607215802934,2.9,us6000t7zc,1,2026-07-04 22:04:33
sim_248,10.0,1783202673389,10.667183354083779,-69.9658929767748,3.1,us6000t7zc,1,2026-07-04 22:04:33
sim_228,10.0,1783202673389,10.440234476164282,-68.46547794706137,2.5,us6000t7zc,1,2026-07-04 22:04:33
sim_229,10.0,1783202673389,10.074428867699723,-69.05142476812338,2.1,us6000t7zc,1,2026-07-04 22:04:33
sim_230,10.0,1783202673389,10.40789050362187,-68.47977498289373,2.4,us6000t7zc,1,2026-07-04 22:04:33
sim_232,10.0,1783202673389,10.415020937219465,-68.5558703407445,2.1,us6000t7zc,1,2026-07-04 22:04:33
sim_251,10.0,1783202673389,10.346109785055697,-68.54231402127533,2.0,us6000t7zc,1,2026-07-04 22:04:33
sim_262,10.0,1783202673389,10.630855463528178,-68.21292345757742,2.1,us6000t7zc,1,2026-07-04 22:04:33
sim_263,10.0,1783202673389,10.72996023618435,-69.96657192143535,2.2,us6000t7zc,1,2026-07-04 22:04:33
sim_265,10.0,1783202673389,10.421059634397212,-68.71784874212257,3.2,us6000t7zc,1,2026-07-04 22:04:33
sim_235,10.0,1783202673389,10.71728493066515,-68.46365528473211,2.5,us6000t7zc,1,2026-07-04 22:04:33
sim_240,10.0,1783202673389,10.39552249017023,-68.59234790099174,2.7,us6000t7zc,1,2026-07-04 22:04:33
sim_243,10.0,1783202673389,10.095080812734267,-68.75142842095006,2.9,us6000t7zc,1,2026-07-04 22:04:33
sim_244,10.0,1783202673389,10.44067972480875,-68.59920938445867,2.5,us6000t7zc,1,2026-07-04 22:04:33
sim_245,10.0,1783202673389,10.786108156051945,-67.12015738196592,2.1,us6000t7zc,1,2026-07-04 22:04:33
sim_223,10.0,1783202673389,10.452025947711677,-68.41304327631362,3.0,us6000t7zc,1,2026-07-04 22:04:33
sim_225,10.0,1783202673389,10.194925799067857,-70.03310361395071,2.1,us6000t7zc,1,2026-07-04 22:04:33
sim_268,10.0,1783202673389,11.767750663180896,-67.82584332705228,2.9,us6000t7zc,1,2026-07-04 22:04:33
sim_269,10.0,1783202673389,10.642384593263177,-68.38294365515645,2.2,us6000t7zc,1,2026-07-04 22:04:33
sim_273,10.0,1783202673389,10.36757480663455,-68.7379722538537,2.9,us6000t7zc,1,2026-07-04 22:04:33
sim_283,10.0,1783202673389,10.38882143224817,-68.50587005981768,2.2,us6000t7zc,1,2026-07-04 22:04:33
sim_285,10.0,1783202673389,10.637634492134858,-68.54034513442903,2.4,us6000t7zc,1,2026-07-04 22:04:33
sim_288,10.0,1783202673389,10.420893752938566,-68.49079505843252,2.4,us6000t7zc,1,2026-07-04 22:04:33
sim_298,10.0,1783202673389,10.35015233053676,-68.60128627107387,2.2,us6000t7zc,1,2026-07-04 22:04:33
sim_291,10.0,1783202673389,10.144546465069322,-67.03153773286047,2.0,us6000t7zc,1,2026-07-04 22:04:33
sim_279,10.0,1783202673389,10.043979439582243,-68.16592981219145,2.7,us6000t7zc,1,2026-07-04 22:04:33
sim_280,10.0,1783202673389,10.20784677581146,-68.63661608102561,2.5,us6000t7zc,1,2026-07-04 22:04:33
sim_281,10.0,1783202673389,10.40103115390676,-68.48941802352206,2.4,us6000t7zc,1,2026-07-04 22:04:33
sim_319,10.0,1783202673389,10.35251063023753,-68.49107391924215,2.5,us6000t7zc,1,2026-07-04 22:04:33
sim_310,10.0,1783202673389,10.523331780256452,-68.17837280800981,2.5,us6000t7zc,1,2026-07-04 22:04:33
sim_303,10.0,1783202673389,10.204390771150624,-68.7596209252631,2.6,us6000t7zc,1,2026-07-04 22:04:33
sim_328,10.0,1783202673389,10.57157596885343,-68.80034439952387,2.9,us6000t7zc,1,2026-07-04 22:04:33
sim_326,10.0,1783202673389,10.381760099611954,-68.55355613082602,3.6,us6000t7zc,1,2026-07-04 22:04:33
sim_325,10.0,1783202673389,10.434480682078087,-68.46064459132639,2.4,us6000t7zc,1,2026-07-04 22:04:33
sim_324,10.0,1783202673389,10.438497738948092,-68.75172063838862,2.1,us6000t7zc,1,2026-07-04 22:04:33
sim_320,10.0,1783202673389,10.292188917397423,-68.46189816357668,2.0,us6000t7zc,1,2026-07-04 22:04:33
sim_317,10.0,1783202673389,10.427963576847732,-68.508414856242,2.4,us6000t7zc,1,2026-07-04 22:04:33
sim_331,10.0,1783202673389,10.814590218545005,-69.24623221478859,2.3,us6000t7zc,1,2026-07-04 22:04:33
sim_177,10.000441863425927,1783202711566,10.517575891688281,-68.55753751687323,2.2,us6000t7zp,1,2026-07-04 22:05:11
sim_189,10.000441863425927,1783202711566,10.53695211594187,-68.61576052268408,2.1,us6000t7zp,1,2026-07-04 22:05:11
sim_190,10.000441863425927,1783202711566,10.40917009998746,-68.51540629949602,2.3,us6000t7zp,1,2026-07-04 22:05:11
sim_194,10.000441863425927,1783202711566,9.886799041040751,-67.36767075783358,2.2,us6000t7zp,1,2026-07-04 22:05:11
sim_196,10.000441863425927,1783202711566,10.36310623582676,-69.08718370006629,2.1,us6000t7zp,1,2026-07-04 22:05:11
sim_199,10.000441863425927,1783202711566,10.511062120409786,-68.52548941667796,2.3,us6000t7zp,1,2026-07-04 22:05:11
sim_212,10.000441863425927,1783202711566,10.453817855613853,-68.46821318973805,2.5,us6000t7zp,1,2026-07-04 22:05:11
sim_206,10.000441863425927,1783202711566,10.49197955059439,-68.44898965897285,2.1,us6000t7zp,1,2026-07-04 22:05:11
sim_213,10.000441863425927,1783202711566,10.444910467825869,-68.4585899056054,2.1,us6000t7zp,1,2026-07-04 22:05:11
sim_156,10.000441863425927,1783202711566,10.518311880489453,-68.38968869542056,2.4,us6000t7zp,1,2026-07-04 22:05:11
sim_158,10.000441863425927,1783202711566,10.62099492153696,-68.45639717746204,2.2,us6000t7zp,1,2026-07-04 22:05:11
sim_154,10.000441863425927,1783202711566,10.272794791651501,-68.55039946730629,2.1,us6000t7zp,1,2026-07-04 22:05:11
sim_130,10.000441863425927,1783202711566,10.317949684610912,-68.38253401848444,2.3,us6000t7zp,1,2026-07-04 22:05:11
sim_121,10.000441863425927,1783202711566,10.43920814520988,-68.44661670365173,3.2,us6000t7zp,1,2026-07-04 22:05:11
sim_145,10.000441863425927,1783202711566,10.413085894420028,-68.46441846049152,2.3,us6000t7zp,1,2026-07-04 22:05:11
sim_187,10.000441863425927,1783202711566,10.22247391746835,-68.64784737820563,2.1,us6000t7zp,1,2026-07-04 22:05:11
sim_185,10.000441863425927,1783202711566,10.40129860712617,-68.44778092787587,2.2,us6000t7zp,1,2026-07-04 22:05:11
sim_174,10.000441863425927,1783202711566,10.389584238573189,-68.45806972762334,2.4,us6000t7zp,1,2026-07-04 22:05:11
sim_172,10.000441863425927,1783202711566,10.391307437713229,-68.47697891412645,2.8,us6000t7zp,1,2026-07-04 22:05:11
sim_179,10.000441863425927,1783202711566,10.407460218616624,-68.57172599895678,2.1,us6000t7zp,1,2026-07-04 22:05:11
sim_170,10.000441863425927,1783202711566,10.251957767056314,-68.7432659858847,2.1,us6000t7zp,1,2026-07-04 22:05:11
sim_169,10.000441863425927,1783202711566,10.354354622633545,-68.43916789994948,2.0,us6000t7zp,1,2026-07-04 22:05:11
sim_210,10.000441863425927,1783202711566,10.533733399274189,-68.48474687977692,2.9,us6000t7zp,1,2026-07-04 22:05:11
sim_217,10.000441863425927,1783202711566,10.441767564062797,-68.46021931103961,2.2,us6000t7zp,1,2026-07-04 22:05:11
sim_203,10.000441863425927,1783202711566,10.421675987671621,-68.41691348019722,2.0,us6000t7zp,1,2026-07-04 22:05:11
sim_90,10.000441863425927,1783202711566,11.217901987828665,-69.7726579793633,2.6,us6000t7zp,1,2026-07-04 22:05:11
sim_89,10.000441863425927,1783202711566,10.504739181039534,-68.43687701560162,2.6,us6000t7zp,1,2026-07-04 22:05:11
sim_86,10.000441863425927,1783202711566,10.464065610059322,-68.4852285596471,2.0,us6000t7zp,1,2026-07-04 22:05:11
sim_88,10.000441863425927,1783202711566,10.295747051029341,-68.32543198401517,2.1,us6000t7zp,1,2026-07-04 22:05:11
sim_73,10.000441863425927,1783202711566,10.652617120966724,-68.51369622902128,2.3,us6000t7zp,1,2026-07-04 22:05:11
sim_74,10.000441863425927,1783202711566,10.331331162077829,-68.59637289394009,3.3,us6000t7zp,1,2026-07-04 22:05:11
sim_71,10.000441863425927,1783202711566,9.981415274186592,-68.63450066558042,2.0,us6000t7zp,1,2026-07-04 22:05:11
sim_77,10.000441863425927,1783202711566,10.509733782246625,-68.36410145143707,2.8,us6000t7zp,1,2026-07-04 22:05:11
sim_54,10.000441863425927,1783202711566,10.411228434512003,-68.35744618419642,2.0,us6000t7zp,1,2026-07-04 22:05:11
sim_55,10.000441863425927,1783202711566,10.48820097333694,-68.5329200312622,3.4,us6000t7zp,1,2026-07-04 22:05:11
sim_57,10.000441863425927,1783202711566,10.531419854250538,-68.33164203046734,3.2,us6000t7zp,1,2026-07-04 22:05:11
sim_58,10.000441863425927,1783202711566,10.429643068217928,-68.51956575903328,2.4,us6000t7zp,1,2026-07-04 22:05:11
sim_59,10.000441863425927,1783202711566,10.194602100682426,-68.54685785449753,2.9,us6000t7zp,1,2026-07-04 22:05:11
sim_137,10.000441863425927,1783202711566,10.570606634986458,-68.47874382086182,2.1,us6000t7zp,1,2026-07-04 22:05:11
sim_125,10.000441863425927,1783202711566,10.43435490361741,-68.04450631622264,2.0,us6000t7zp,1,2026-07-04 22:05:11
sim_138,10.000441863425927,1783202711566,10.55467306977993,-68.53720474640424,2.3,us6000t7zp,1,2026-07-04 22:05:11
sim_108,10.000441863425927,1783202711566,10.282696861745638,-68.73987133698131,2.1,us6000t7zp,1,2026-07-04 22:05:11
sim_110,10.000441863425927,1783202711566,10.432731810738979,-68.45902874442713,2.1,us6000t7zp,1,2026-07-04 22:05:11
sim_111,10.000441863425927,1783202711566,10.428502488245288,-68.3199356125585,2.0,us6000t7zp,1,2026-07-04 22:05:11
sim_113,10.000441863425927,1783202711566,10.346792501503073,-68.55855157091712,2.4,us6000t7zp,1,2026-07-04 22:05:11
sim_114,10.000441863425927,1783202711566,10.45960710346001,-68.47651008044521,2.4,us6000t7zp,1,2026-07-04 22:05:11
sim_115,10.000441863425927,1783202711566,10.350631206135098,-68.56291029309368,3.3,us6000t7zp,1,2026-07-04 22:05:11
sim_120,10.000441863425927,1783202711566,10.528884062459971,-68.64061470967786,3.3,us6000t7zp,1,2026-07-04 22:05:11
sim_106,10.000441863425927,1783202711566,10.437010758436092,-68.51349884304545,2.2,us6000t7zp,1,2026-07-04 22:05:11
sim_104,10.000441863425927,1783202711566,8.935437887106463,-68.43922834004756,2.7,us6000t7zp,1,2026-07-04 22:05:11
sim_103,10.000441863425927,1783202711566,10.507523135404076,-68.5413148683467,2.0,us6000t7zp,1,2026-07-04 22:05:11
sim_102,10.000441863425927,1783202711566,10.56243777347376,-68.2407343490911,2.0,us6000t7zp,1,2026-07-04 22:05:11
sim_98,10.000441863425927,1783202711566,10.436387411659434,-68.50892433671122,2.7,us6000t7zp,1,2026-07-04 22:05:11
sim_94,10.000441863425927,1783202711566,10.442156339279954,-68.36639523632911,2.2,us6000t7zp,1,2026-07-04 22:05:11
sim_93,10.000441863425927,1783202711566,10.310483415863196,-68.40556833329128,2.0,us6000t7zp,1,2026-07-04 22:05:11
sim_91,10.000441863425927,1783202711566,10.396637132956426,-68.38745058651647,2.2,us6000t7zp,1,2026-07-04 22:05:11
sim_122,10.000441863425927,1783202711566,11.650930796367378,-67.57832979076682,2.2,us6000t7zp,1,2026-07-04 22:05:11
sim_62,10.000441863425927,1783202711566,10.189404915181571,-68.39766728235747,2.7,us6000t7zp,1,2026-07-04 22:05:11
sim_61,10.000441863425927,1783202711566,10.433739196079133,-68.61683186724406,2.9,us6000t7zp,1,2026-07-04 22:05:11
sim_69,10.000441863425927,1783202711566,10.564912244900361,-68.53673395307845,2.6,us6000t7zp,1,2026-07-04 22:05:11
sim_39,10.000441863425927,1783202711566,10.288824684033502,-68.88309836560377,2.1,us6000t7zp,1,2026-07-04 22:05:11
sim_27,10.000441863425927,1783202711566,10.417996792888612,-68.37454198538968,2.3,us6000t7zp,1,2026-07-04 22:05:11
sim_32,10.000441863425927,1783202711566,10.367825122268766,-68.48102172312107,2.5,us6000t7zp,1,2026-07-04 22:05:11
sim_47,10.000441863425927,1783202711566,10.261473507391086,-68.34464303787284,2.2,us6000t7zp,1,2026-07-04 22:05:11
sim_53,10.000441863425927,1783202711566,11.116968883891687,-69.12398824964525,3.2,us6000t7zp,1,2026-07-04 22:05:11
sim_23,10.000441863425927,1783202711566,10.489806121467756,-68.40440419687421,2.7,us6000t7zp,1,2026-07-04 22:05:11
sim_42,10.000441863425927,1783202711566,9.743490953336867,-68.33801960493028,2.6,us6000t7zp,1,2026-07-04 22:05:11
sim_34,10.000441863425927,1783202711566,10.514758721020431,-68.43746265803863,2.0,us6000t7zp,1,2026-07-04 22:05:11
sim_361,10.007993150550703,1783203363997,10.48663183439249,-68.42646169362811,2.2,sim_172,2,2026-07-04 22:16:03
sim_22,10.013430381944444,1783203833773,10.959337506138562,-66.53985679233219,2.4,us6000t80d,1,2026-07-04 22:23:53
sim_385,10.019292430811236,1783204340255,10.579624414516065,-68.4800833949863,2.2,sim_285,2,2026-07-04 22:32:20
sim_356,10.020435475757353,1783204439014,10.445187550040872,-68.3825570268719,2.4,sim_140,2,2026-07-04 22:33:59
sim_363,10.023359867775786,1783204691681,10.385919234641182,-68.50617618310893,2.4,sim_175,2,2026-07-04 22:38:11
sim_360,10.05408781064893,1783207346575,10.382075842116963,-68.4475088928174,4.1,sim_166,2,2026-07-04 23:22:26
sim_336,10.059595251962532,1783207822418,10.436401521291309,-68.39471785179838,2.8,sim_28,2,2026-07-04 23:30:22
sim_408,10.06643041871503,1783208412977,10.417240447693302,-68.35190279366729,2.3,sim_383,3,2026-07-04 23:40:12
sim_372,10.094324367936775,1783210823014,10.348342280534608,-68.58454780279219,2.2,sim_244,2,2026-07-05 00:20:23
sim_403,10.105348233680797,1783211775476,10.151499459443766,-68.48713889241651,2.3,sim_372,3,2026-07-05 00:36:15
sim_374,10.16799863326616,1783217188470,10.61909402287412,-68.72427367212461,3.5,sim_256,2,2026-07-05 02:06:28
sim_347,10.170114220728529,1783217371257,10.29921050159504,-68.36498211700597,3.2,sim_88,2,2026-07-05 02:09:31
sim_390,10.210042951922876,1783220821100,11.270045291594421,-66.85182231321279,2.2,sim_329,2,2026-07-05 03:07:01
sim_388,10.245509291278323,1783223885391,10.492085254105929,-68.07071136559196,2.2,sim_318,2,2026-07-05 03:58:05
sim_395,10.250386521727274,1783224306784,9.534365421624145,-66.9955508875665,2.5,sim_346,3,2026-07-05 04:05:06
sim_404,10.253489843669323,1783224574911,10.442102518112646,-69.06389514233221,2.3,sim_374,3,2026-07-05 04:09:34
sim_343,10.315918161718315,1783229968718,10.515851712472324,-68.997581930324,3.6,sim_53,2,2026-07-05 05:39:28
sim_17,10.32210355324074,1783230503136,10.34865835884693,-66.48380779809348,2.5,us6000t81p,1,2026-07-05 05:48:23
sim_20,10.32210355324074,1783230503136,10.548679743503973,-66.56624834299515,2.3,us6000t81p,1,2026-07-05 05:48:23
sim_335,10.328738458985375,1783231076391,10.34200241148247,-66.53798501711415,2.1,sim_17,2,2026-07-05 05:57:56
sim_381,10.403248898927254,1783237514093,10.364353043389974,-68.5596385979775,3.8,sim_261,2,2026-07-05 07:45:14
sim_380,10.403248898927254,1783237514093,10.328010847388565,-68.62622293619972,2.7,sim_261,2,2026-07-05 07:45:14
sim_345,10.443340529204626,1783240978010,10.784210050878999,-68.21318902363342,2.7,sim_55,2,2026-07-05 08:42:58
sim_400,10.454119851631395,1783241909344,10.835186067004727,-68.56909787242377,2.0,sim_362,3,2026-07-05 08:58:29
sim_337,10.543173952001277,1783249603618,11.619144064849209,-68.93325297215243,2.1,sim_34,2,2026-07-05 11:06:43
sim_369,10.733404056800635,1783266039499,10.513670651180384,-68.49330927882869,2.6,sim_223,2,2026-07-05 15:40:39
sim_368,10.86009000807931,1783276985165,10.496256511780132,-68.43584489101973,2.0,sim_223,2,2026-07-05 18:43:05
sim_386,11.7608798719418,1783354813409,10.271294243471647,-68.83830716956543,2.3,sim_286,2,2026-07-06 16:20:13
sim_389,11.794894969259765,1783357752314,10.200700053150491,-68.43689851090183,2.2,sim_318,2,2026-07-06 17:09:12
sim_367,11.979837533653095,1783373731351,10.350121634535455,-68.34323091818608,2.1,sim_223,2,2026-07-06 21:35:31
sim_351,12.026953954586322,1783377802210,10.422062976097862,-68.36380062735974,2.7,sim_99,2,2026-07-06 22:43:22
sim_350,12.04810611417181,1783379629757,10.41829283720518,-68.52552895840108,2.7,sim_98,2,2026-07-06 23:13:49
sim_396,12.060524202373678,1783380702680,10.45930472465887,-68.52802357499657,2.5,sim_351,3,2026-07-06 23:31:42
sim_353,12.214144731447718,1783393975493,10.347878598114336,-68.11313204753908,2.5,sim_126,2,2026-07-07 03:12:55
sim_10,12.886148344907408,1783452036606,10.165791704893952,-68.1397123626697,2.6,us6000t8q8,1,2026-07-07 19:20:36
sim_349,12.91988325754142,1783454951302,10.48286814265645,-68.70371321760575,2.3,sim_96,2,2026-07-07 20:09:11
sim_370,13.064372882470071,1783467435206,10.528265126076333,-68.60385283655486,2.2,sim_227,2,2026-07-07 23:37:15
sim_7,13.445566979166667,1783500370376,10.728211546567668,-68.42131952973716,3.5,us6000t8su,1,2026-07-08 08:46:10
sim_333,13.47034527257425,1783502511220,10.626601710945852,-68.42600735091425,2.1,sim_6,2,2026-07-08 09:21:51
sim_341,16.08702730647221,1783728592548,10.001791175957532,-68.89993438096823,2.3,sim_47,2,2026-07-11 00:09:52
sim_371,20.0,1784066673389,9.833660103067047,-68.9837098234089,2.4,sim_230,2,2026-07-14 22:04:33
sim_384,20.0,1784066673389,10.34693501188673,-68.79615555226086,2.2,sim_273,2,2026-07-14 22:04:33
sim_344,20.000441863425927,1784066711566,10.080843410255508,-68.50087825108842,2.2,sim_55,2,2026-07-14 22:05:11
sim_365,20.000441863425927,1784066711566,9.939987021560503,-67.32427701393362,2.5,sim_194,2,2026-07-14 22:05:11
sim_399,20.05408781064893,1784071346575,10.435606103699191,-68.67291379848568,3.3,sim_360,3,2026-07-14 23:22:26
sim_405,20.16799863326616,1784081188470,10.565414744872427,-68.63180602220835,2.4,sim_374,3,2026-07-15 02:06:28
sim_394,20.315918161718315,1784093968718,10.50628109749312,-69.04470439623746,2.0,sim_343,3,2026-07-15 05:39:28
sim_406,20.403248898927252,1784101514093,10.37348287242225,-68.61184941094687,2.1,sim_380,3,2026-07-15 07:45:14
sim_402,20.733404056800637,1784130039499,10.571707685420508,-68.15087046842876,2.3,sim_369,3,2026-07-15 15:40:39
sim_410,20.984992756233453,1784151776763,10.830268966344496,-68.91095099540816,2.2,sim_399,4,2026-07-15 21:42:56
sim_393,26.08702730647221,1784592592548,9.88210064628232,-68.8793433544452,2.1,sim_341,3,2026-07-21 00:09:52
