id,time_days,timestamp_ms,latitude,longitude,magnitude,parent_id,generation,time_utc,parent_idx,parent_eta,forman_curvature,degree
us6000t7zc,0.0,1782338673389,10.436,-68.5277,7.2,NONE,0,2026-06-24 22:04:33,,,-1453.0,36
us6000t7zp,0.00044186342592592595,1782338711566,10.4351,-68.4716,7.5,NONE,0,2026-06-24 22:05:11,0.0,1.0495715128908864e-07,-67915.0,262
sim_313,0.0006764814814814815,1782338731837,10.426250033701814,-68.61641776645497,2.4,us6000t7zc,1,2026-06-24 22:05:31,1.0,1.8679922125389753e-07,-259.0,1
sim_198,0.0007562152777777777,1782338738726,10.488526141369984,-68.54459031485429,2.7,us6000t7zp,1,2026-06-24 22:05:38,1.0,9.840491016714056e-08,-259.0,1
sim_44,0.0010771990740740742,1782338766459,10.401652168884798,-68.49214822931866,2.4,us6000t7zp,1,2026-06-24 22:06:06,1.0,3.793702919126417e-08,-259.0,1
sim_254,0.0017902662037037036,1782338828068,10.517362340953538,-67.91233032572819,2.1,us6000t7zc,1,2026-06-24 22:07:08,1.0,1.6302006175229738e-05,-259.0,1
sim_87,0.002141585648148148,1782338858422,10.850348814260766,-68.5572564113093,2.8,us6000t7zp,1,2026-06-24 22:07:38,1.0,1.1930445234325617e-05,-259.0,1
sim_282,0.002188275462962963,1782338862456,10.763480612955474,-68.21052299784641,2.9,us6000t7zc,1,2026-06-24 22:07:42,1.0,1.186009555101071e-05,-259.0,1
sim_52,0.0022253009259259257,1782338865655,10.624351867569867,-68.37674285814109,2.1,us6000t7zp,1,2026-06-24 22:07:45,1.0,3.10399489978134e-06,-259.0,1
sim_327,0.002306550925925926,1782338872675,10.452803209456544,-68.59911066594934,2.0,us6000t7zc,1,2026-06-24 22:07:52,0.0,9.382630267595159e-07,-33.0,1
sim_218,0.0024053009259259257,1782338881207,10.407119818446883,-68.5210874169585,2.1,us6000t7zp,1,2026-06-24 22:08:01,0.0,1.6444553922979756e-07,-33.0,1
sim_304,0.0024663194444444446,1782338886479,9.761900706887634,-69.28911322625429,2.1,us6000t7zc,1,2026-06-24 22:08:06,1.0,8.714721175896363e-05,-259.0,1
sim_132,0.0025913194444444443,1782338897279,10.217808844884006,-68.70596784316034,2.1,us6000t7zp,1,2026-06-24 22:08:17,1.0,8.436064319237325e-06,-259.0,1
sim_247,0.0025889699074074075,1782338897076,10.676929503150726,-68.6028119733497,3.1,us6000t7zc,1,2026-06-24 22:08:17,1.0,6.306386614866982e-06,-259.0,1
sim_64,0.003205648148148148,1782338950357,10.401600971681882,-68.59566805599817,2.4,us6000t7zp,1,2026-06-24 22:09:10,0.0,1.413441743479795e-06,-33.0,1
sim_29,0.0032893402777777777,1782338957588,10.431924869602264,-68.66338171074018,2.1,us6000t7zp,1,2026-06-24 22:09:17,1.0,3.9617404513665704e-06,-259.0,1
sim_168,0.004700300925925926,1782339079495,10.502566339418562,-68.41067027681538,2.3,us6000t7zp,1,2026-06-24 22:11:19,1.0,1.3555902994491395e-06,-259.0,1
sim_322,0.005143703703703703,1782339117805,10.49493755443015,-68.48942702342677,2.0,us6000t7zc,1,2026-06-24 22:11:57,1.0,7.147389014664714e-07,-259.0,1
sim_289,0.005973043981481481,1782339189460,10.35697324913074,-68.54931860835812,2.5,us6000t7zc,1,2026-06-24 22:13:09,1.0,2.583789022683805e-06,-259.0,1
sim_85,0.006590127314814815,1782339242776,10.439546479935302,-68.43228265903338,2.1,us6000t7zp,1,2026-06-24 22:14:02,1.0,3.641697924413233e-07,-259.0,1
sim_238,0.006832662037037037,1782339263731,10.444022827227805,-68.81558951050326,2.0,us6000t7zc,1,2026-06-24 22:14:23,1.0,2.8616665007058143e-05,-259.0,1
sim_276,0.0069536574074074075,1782339274185,10.452211040242489,-69.06806597010922,2.5,us6000t7zc,1,2026-06-24 22:14:34,1.0,8.76801580234658e-05,-259.0,1
sim_117,0.007593032407407408,1782339329427,10.305301860546196,-66.95209485040603,2.4,us6000t7zp,1,2026-06-24 22:15:29,1.0,0.000629372478735344,-259.0,1
sim_146,0.008100428240740741,1782339373266,10.135709911977218,-67.91059042178514,2.4,us6000t7zp,1,2026-06-24 22:16:13,1.0,0.0001180806621077249,-259.0,1
sim_105,0.008325358796296296,1782339392700,10.309542404629536,-68.80374708108134,2.2,us6000t7zp,1,2026-06-24 22:16:32,1.0,3.7762513639993746e-05,-259.0,1
sim_43,0.008408738425925925,1782339399904,10.40414527881334,-68.42909537404577,2.4,us6000t7zp,1,2026-06-24 22:16:39,1.0,8.428392596181839e-07,-259.0,1
sim_241,0.008971215277777778,1782339448502,11.166494017819767,-67.88778508152105,2.2,us6000t7zc,1,2026-06-24 22:17:28,1.0,0.00028807168613139333,-259.0,1
sim_95,0.009372002314814816,1782339483130,10.408526019365784,-68.38832795489698,3.0,us6000t7zp,1,2026-06-24 22:18:03,1.0,2.588521089816002e-06,-259.0,1
sim_101,0.010796516203703704,1782339606208,10.401687954393568,-68.48241053896287,2.4,us6000t7zp,1,2026-06-24 22:20:06,1.0,4.977399684476223e-07,-259.0,1
sim_311,0.010938900462962963,1782339618510,10.4302370964972,-68.45793846537379,2.3,us6000t7zc,1,2026-06-24 22:20:18,1.0,8.379518922766062e-08,-259.0,1
sim_259,0.011824409722222222,1782339695018,10.52810720023101,-68.55002254914392,2.1,us6000t7zc,1,2026-06-24 22:21:35,1.0,6.49635778602042e-06,-259.0,1
sim_195,0.012723796296296296,1782339772725,9.163073793905372,-67.66327851916014,2.3,us6000t7zp,1,2026-06-24 22:22:52,1.0,0.0010816769004397013,-259.0,1
sim_38,0.012763287037037037,1782339776137,9.69714484495736,-67.69884498031647,2.2,us6000t7zp,1,2026-06-24 22:22:56,1.0,0.000541246095835641,-259.0,1
sim_76,0.013204502314814815,1782339814258,10.441463955172232,-68.44686792130122,2.0,us6000t7zp,1,2026-06-24 22:23:34,1.0,3.154238200003939e-07,-259.0,1
sim_100,0.013375960648148149,1782339829072,10.38712329222348,-68.46806564145328,2.2,us6000t7zp,1,2026-06-24 22:23:49,1.0,1.170148389804879e-06,-259.0,1
us6000t80d,0.013430381944444444,1782339833774,10.5911,-66.6976,4.5,NONE,0,2026-06-24 22:23:53,1.0,0.00155736696065985,-259.0,1
sim_272,0.01521105324074074,1782339987624,10.239436856860385,-67.82908333433153,2.1,us6000t7zc,1,2026-06-24 22:26:27,1.0,0.00025282531576754246,-259.0,1
sim_292,0.01532164351851852,1782339997179,10.485411393481993,-68.20506373396584,2.6,us6000t7zc,1,2026-06-24 22:26:37,1.0,4.144159677804477e-05,-259.0,1
sim_315,0.015837881944444444,1782340041782,10.281124665915051,-68.59066410886982,2.2,us6000t7zc,1,2026-06-24 22:27:21,1.0,2.2529731868759393e-05,-259.0,1
sim_222,0.017356342592592593,1782340172977,10.48356538799534,-69.13886347416664,2.6,us6000t7zc,1,2026-06-24 22:29:32,1.0,0.00028630712770387137,-259.0,1
sim_140,0.02043547453703704,1782340439014,10.398551124565168,-68.50200185598139,2.1,us6000t7zp,1,2026-06-24 22:33:59,1.0,1.7431796085154702e-06,-259.0,1
sim_193,0.0205859375,1782340452014,10.328829681372838,-68.60784955062317,2.5,us6000t7zp,1,2026-06-24 22:34:12,1.0,2.3041411111578914e-05,-259.0,1
sim_159,0.02066195601851852,1782340458582,10.494097021422284,-68.43388898123125,2.0,us6000t7zp,1,2026-06-24 22:34:18,1.0,3.839006347984588e-06,-259.0,1
sim_45,0.02262224537037037,1782340627951,10.287324591648527,-68.5290322296306,2.0,us6000t7zp,1,2026-06-24 22:37:07,1.0,2.1706423225133154e-05,-259.0,1
sim_119,0.023088530092592593,1782340668238,9.631842168149564,-68.07123315699097,2.5,us6000t7zp,1,2026-06-24 22:37:48,1.0,0.000708950785600227,-259.0,1
sim_81,0.023171168981481482,1782340675378,10.410322858842209,-68.49180505157464,2.5,us6000t7zp,1,2026-06-24 22:37:55,1.0,8.965134059669416e-07,-259.0,1
sim_175,0.023359861111111112,1782340691681,10.386802215056594,-68.45050381397684,2.1,us6000t7zp,1,2026-06-24 22:38:11,1.0,2.4760400949604897e-06,-259.0,1
sim_264,0.02381826388888889,1782340731287,11.926064601547845,-68.35244227188976,2.4,us6000t7zc,1,2026-06-24 22:38:51,1.0,0.002044294862668734,-259.0,1
sim_142,0.025726296296296296,1782340896141,10.44993071923228,-68.41416982097233,2.5,us6000t7zp,1,2026-06-24 22:41:36,1.0,3.3709729117118402e-06,-259.0,1
sim_72,0.02600449074074074,1782340920177,10.486029658703629,-68.4716790347703,2.2,us6000t7zp,1,2026-06-24 22:42:00,1.0,2.5924952943816674e-06,-259.0,1
sim_266,0.0265040625,1782340963340,10.49522587879238,-68.50228320974306,2.1,us6000t7zc,1,2026-06-24 22:42:43,1.0,4.611577001251179e-06,-259.0,1
sim_201,0.02690425925925926,1782340997917,10.502378712864688,-68.59407163978123,2.1,us6000t7zp,1,2026-06-24 22:43:17,0.0,1.818878298923573e-05,-33.0,1
sim_214,0.027547523148148147,1782341053495,10.650547516886729,-68.45530408481324,2.7,us6000t7zp,1,2026-06-24 22:44:13,1.0,4.946610653893436e-05,-259.0,1
sim_173,0.02836736111111111,1782341124329,10.404419048239625,-68.47334230353687,3.2,us6000t7zp,1,2026-06-24 22:45:24,1.0,1.031005872758132e-06,-259.0,1
sim_302,0.02927806712962963,1782341203014,9.84075206897911,-68.42560096859138,3.5,us6000t7zc,1,2026-06-24 22:46:43,1.0,0.00040059266262507397,-259.0,1
sim_165,0.030211539351851852,1782341283666,10.474443656962569,-68.55065000097146,2.6,us6000t7zp,1,2026-06-24 22:48:03,0.0,4.6838210308252195e-06,-33.0,1
sim_116,0.030564710648148148,1782341314180,10.53537666750716,-68.54901325989076,2.1,us6000t7zp,1,2026-06-24 22:48:34,1.0,1.8667600293549385e-05,-259.0,1
sim_316,0.034321099537037034,1782341638732,10.468514388974564,-68.48483782060508,2.7,us6000t7zc,1,2026-06-24 22:53:58,1.0,1.7035018162859832e-06,-259.0,1
sim_21,0.0357166087962963,1782341759304,9.530824760083616,-66.28519966726664,2.1,us6000t80d,1,2026-06-24 22:55:59,1.0,0.007522655259461416,-259.0,1
sim_148,0.038316145833333336,1782341983904,10.444686631242485,-68.57152402920134,2.1,us6000t7zp,1,2026-06-24 22:59:43,0.0,5.777892149583086e-06,-33.0,1
sim_133,0.03980126157407408,1782342112218,10.43936170506386,-68.42431412848826,2.5,us6000t7zp,1,2026-06-24 23:01:52,1.0,3.355995731229963e-06,-259.0,1
sim_67,0.04101252314814815,1782342216871,10.535484100839744,-68.29986198396504,2.6,us6000t7zp,1,2026-06-24 23:03:36,1.0,6.12214001835643e-05,-259.0,1
sim_323,0.042053877314814817,1782342306844,11.717926405937288,-69.31968800926705,2.9,us6000t7zc,1,2026-06-24 23:05:06,1.0,0.003804450828056649,-259.0,1
sim_296,0.04275060185185185,1782342367041,10.404600226350231,-68.54260197940155,2.5,us6000t7zc,1,2026-06-24 23:06:07,0.0,4.004652606961258e-06,-33.0,1
sim_270,0.04443765046296296,1782342512802,10.421038168283395,-68.5920035114263,2.7,us6000t7zc,1,2026-06-24 23:08:32,0.0,1.4641144752774821e-05,-33.0,1
sim_46,0.04479944444444445,1782342544061,10.70043523481976,-68.44993844468172,2.5,us6000t7zp,1,2026-06-24 23:09:04,1.0,0.0001228897952141256,-259.0,1
sim_36,0.04585107638888889,1782342634922,10.622534138305042,-68.37353381738833,2.3,us6000t7zp,1,2026-06-24 23:10:34,1.0,7.887963885562705e-05,-259.0,1
sim_300,0.04708969907407407,1782342741939,10.448194432864144,-68.465125110179,3.0,us6000t7zc,1,2026-06-24 23:12:21,1.0,3.866878521501349e-07,-259.0,1
sim_260,0.04892857638888889,1782342900818,10.438686924007117,-68.50347474480182,2.2,us6000t7zc,1,2026-06-24 23:15:00,1.0,1.887315389405777e-06,-259.0,1
sim_139,0.052834131944444446,1782343238258,10.459049999578388,-68.44840648856581,2.4,us6000t7zp,1,2026-06-24 23:20:38,1.0,2.2407665223195327e-06,-259.0,1
sim_40,0.053776469907407407,1782343319676,10.412730139134224,-68.44141750304945,2.3,us6000t7zp,1,2026-06-24 23:21:59,1.0,2.881062260265659e-06,-259.0,1
sim_166,0.054087800925925925,1782343346575,10.408169325178944,-68.50443972782578,2.3,us6000t7zp,1,2026-06-24 23:22:26,1.0,3.7093034347210196e-06,-259.0,1
sim_152,0.05412185185185185,1782343349517,10.487179801477662,-68.5260979110414,2.3,us6000t7zp,1,2026-06-24 23:22:29,0.0,1.1070089228023811e-05,-33.0,1
sim_215,0.05451649305555555,1782343383614,10.217197214632034,-68.29817647614571,2.0,us6000t7zp,1,2026-06-24 23:23:03,1.0,0.00016193506506158398,-259.0,1
sim_49,0.054979791666666666,1782343423643,11.368560886694535,-69.66550597394911,2.1,us6000t7zp,1,2026-06-24 23:23:43,1.0,0.0047888142408499465,-259.0,1
sim_127,0.056924085648148146,1782343591630,10.523338654599632,-68.38644865843857,2.8,us6000t7zp,1,2026-06-24 23:26:31,1.0,3.267789550828249e-05,-259.0,1
sim_75,0.05715,1782343611149,10.340188117682832,-68.46683843307646,2.2,us6000t7zp,1,2026-06-24 23:26:51,1.0,2.002224312530216e-05,-259.0,1
sim_358,0.05843106481481482,1782343721833,9.780557464278775,-67.20389738056998,2.2,sim_148,2,2026-06-24 23:28:41,1.0,0.004502888331012131,-259.0,1
sim_28,0.05959524305555555,1782343822418,10.565683173317543,-68.51555416902944,3.4,us6000t7zp,1,2026-06-24 23:30:22,1.0,4.375879150562097e-05,-259.0,1
sim_150,0.05999997685185185,1782343857387,10.271499392215675,-68.25656388457953,2.0,us6000t7zp,1,2026-06-24 23:30:57,1.0,0.0001665293497745261,-259.0,1
sim_357,0.060337893518518516,1782343886583,10.53706238694227,-68.28670608150212,2.5,sim_142,2,2026-06-24 23:31:26,1.0,0.0001017548875390033,-259.0,1
sim_163,0.06348758101851852,1782344158716,10.388050808082314,-68.49843411288404,2.7,us6000t7zp,1,2026-06-24 23:35:58,1.0,7.173734307729823e-06,-259.0,1
sim_236,0.06597318287037036,1782344373472,10.493359986750145,-68.35351984052107,2.0,us6000t7zc,1,2026-06-24 23:39:33,1.0,4.324339759284085e-05,-259.0,1
sim_383,0.06643041666666667,1782344412977,10.428374723850244,-68.46492251366793,2.6,sim_270,2,2026-06-24 23:40:12,1.0,2.2796929167655422e-07,-259.0,1
sim_220,0.07007761574074074,1782344728095,10.542303587100164,-68.696641510528,2.4,us6000t7zc,1,2026-06-24 23:45:28,1.0,0.00016460987207559045,-259.0,1
sim_70,0.07256842592592593,1782344943301,10.490960220510155,-68.3658654770605,2.7,us6000t7zp,1,2026-06-24 23:49:03,1.0,3.928815677918358e-05,-259.0,1
sim_226,0.07324278935185186,1782345001566,10.428021312216597,-68.51411876797489,2.1,us6000t7zc,1,2026-06-24 23:50:01,0.0,1.383124886783725e-06,-33.0,1
sim_297,0.07397261574074074,1782345064623,11.655359091933551,-67.63941359403354,2.5,us6000t7zc,1,2026-06-24 23:51:04,1.0,0.006198857638873901,-259.0,1
sim_299,0.0747125,1782345128549,11.245032853537293,-69.81206364110362,2.2,us6000t7zc,1,2026-06-24 23:52:08,1.0,0.006938216796832776,-259.0,1
sim_147,0.07725552083333333,1782345348266,10.030150922376274,-68.47610263873325,2.0,us6000t7zp,1,2026-06-24 23:55:48,1.0,0.0004925623502867651,-259.0,1
sim_143,0.07863881944444444,1782345467783,10.464306674714518,-68.42394943194085,2.1,us6000t7zp,1,2026-06-24 23:57:47,1.0,9.321910499745477e-06,-259.0,1
sim_30,0.07868458333333334,1782345471737,11.301641495362244,-68.4137294815647,2.0,us6000t7zp,1,2026-06-24 23:57:51,1.0,0.0023070481700575604,-259.0,1
sim_160,0.08412866898148148,1782345942106,10.402198984710612,-68.42746871639065,2.1,us6000t7zp,1,2026-06-25 00:05:42,1.0,9.706221205756434e-06,-259.0,1
sim_60,0.09190195601851851,1782346613718,10.052190877872532,-68.31712497436112,2.2,us6000t7zp,1,2026-06-25 00:16:53,1.0,0.0006069500865556535,-259.0,1
sim_234,0.09490571759259259,1782346873243,10.460924122142542,-68.69484389426475,2.6,us6000t7zc,1,2026-06-25 00:21:13,1.0,0.00018048472882156374,-259.0,1
sim_342,0.09548778935185186,1782346923534,11.504921180929696,-69.84220100565355,2.5,sim_49,2,2026-06-25 00:22:03,1.0,0.010981393832535968,-259.0,1
sim_178,0.09968254629629629,1782347285961,10.429857795533469,-68.78341973398932,2.3,us6000t7zp,1,2026-06-25 00:28:05,1.0,0.00036501866322672364,-259.0,1
sim_387,0.10064912037037037,1782347369473,9.845686318726242,-68.88251627036892,2.7,sim_302,2,2026-06-25 00:29:29,1.0,0.0020022179108724093,-259.0,1
sim_409,0.10153177083333334,1782347445734,9.817735751967463,-69.04566723091779,2.1,sim_387,3,2026-06-25 00:30:45,1.0,0.0027687671547958303,-259.0,1
sim_183,0.11110493055555555,1782348272855,10.364922061030006,-68.47431552878204,2.1,us6000t7zp,1,2026-06-25 00:44:32,1.0,2.134039672100411e-05,-259.0,1
sim_252,0.1149175925925926,1782348602269,10.28681611923806,-68.48801624068497,2.0,us6000t7zc,1,2026-06-25 00:50:02,1.0,9.958447049414617e-05,-259.0,1
sim_56,0.1173622337962963,1782348813486,10.416354945537472,-68.52271923422308,2.8,us6000t7zp,1,2026-06-25 00:53:33,0.0,3.753197186241175e-06,-33.0,1
sim_153,0.12393945601851852,1782349381758,10.490238274263916,-68.50128399145375,2.0,us6000t7zp,1,2026-06-25 01:03:01,1.0,1.8794727227179145e-05,-259.0,1
sim_293,0.12552510416666668,1782349518758,10.30265849097365,-68.51021897752985,2.0,us6000t7zc,1,2026-06-25 01:05:18,1.0,9.284396584562946e-05,-259.0,1
sim_366,0.13136638888888888,1782350023445,10.469052800771872,-68.79163286546047,2.4,sim_201,2,2026-06-25 01:13:43,1.0,0.0005129463883138424,-259.0,1
sim_97,0.13291601851851853,1782350157333,10.204307777342695,-68.46809850256489,2.2,us6000t7zp,1,2026-06-25 01:15:57,1.0,0.00027595622127548925,-259.0,1
sim_181,0.14206940972222223,1782350948186,10.389583840950005,-68.4584608005278,2.4,us6000t7zp,1,2026-06-25 01:29:08,1.0,1.239702590324935e-05,-259.0,1
sim_26,0.1462526273148148,1782351309616,11.688713091883104,-69.10306319118814,2.1,us6000t7zp,1,2026-06-25 01:35:09,1.0,0.011149064660858276,-259.0,1
sim_63,0.14684982638888888,1782351361214,10.490818783876833,-68.38707547255957,3.0,us6000t7zp,1,2026-06-25 01:36:01,1.0,5.7321131775038454e-05,-259.0,1
sim_219,0.15256378472222223,1782351854900,10.485792806735487,-68.58140745227819,2.7,us6000t7zc,1,2026-06-25 01:44:14,0.0,6.270857192361098e-05,-33.0,1
sim_141,0.15948949074074073,1782352453281,10.56067126682767,-69.24506485573727,2.1,us6000t7zp,1,2026-06-25 01:54:13,1.0,0.0036948551031289784,-259.0,1
sim_135,0.16401560185185185,1782352844337,10.294446532139292,-68.44090001824043,3.0,us6000t7zp,1,2026-06-25 02:00:44,1.0,0.0001323600445641761,-259.0,1
sim_267,0.16693032407407407,1782353096169,10.430509613082824,-68.49930502876991,2.7,us6000t7zc,1,2026-06-25 02:04:56,1.0,4.9698889079739415e-06,-259.0,1
sim_314,0.16784356481481483,1782353175073,10.446021153250504,-68.50876635555109,2.0,us6000t7zc,1,2026-06-25 02:06:15,0.0,5.854792843181391e-06,-33.0,1
sim_256,0.16799862268518517,1782353188470,10.629133456295088,-68.80501030348591,4.7,us6000t7zc,1,2026-06-25 02:06:28,1.0,0.000950585237712468,-259.0,1
sim_129,0.1826774189814815,1782354456718,10.3982991424772,-68.49169259986523,2.4,us6000t7zp,1,2026-06-25 02:27:36,1.0,1.2432349045812799e-05,-259.0,1
sim_376,0.18293737268518517,1782354479178,10.589556283338773,-68.7220441564685,2.5,sim_256,2,2026-06-25 02:27:59,1.0,0.0006028833793871456,-259.0,1
sim_66,0.18677611111111111,1782354810845,10.428872172096732,-68.51661535888226,2.8,us6000t7zp,1,2026-06-25 02:33:30,0.0,2.4719300698953504e-06,-33.0,1
sim_202,0.19134354166666667,1782355205471,10.307201084590488,-68.59028881292828,3.1,us6000t7zp,1,2026-06-25 02:40:05,1.0,0.00022383921048821435,-259.0,1
sim_157,0.1927955787037037,1782355330927,10.344199631560818,-68.66555415139358,2.1,us6000t7zp,1,2026-06-25 02:42:10,1.0,0.0003358660547335249,-259.0,1
sim_301,0.2042718287037037,1782356322475,10.533896110561104,-69.11346913584579,2.5,us6000t7zc,1,2026-06-25 02:58:42,1.0,0.0032525164620960862,-259.0,1
sim_149,0.20559186342592592,1782356436526,10.309595423691446,-68.47362804894088,2.4,us6000t7zp,1,2026-06-25 03:00:36,1.0,0.00012637765799754298,-259.0,1
sim_329,0.2100429513888889,1782356821100,10.810031516474483,-67.05064791568873,2.2,us6000t7zc,1,2026-06-25 03:07:01,1.0,0.01713678376910474,-259.0,1
sim_109,0.21963436342592593,1782357649798,10.37749105571872,-68.41755414580255,3.4,us6000t7zp,1,2026-06-25 03:20:49,1.0,5.2659689220124344e-05,-259.0,1
sim_123,0.2349079050925926,1782358969432,9.179420702572148,-67.63727076420544,2.4,us6000t7zp,1,2026-06-25 03:42:49,1.0,0.02065074708324254,-259.0,1
sim_231,0.24046613425925925,1782359449663,10.478398551042948,-68.38587160606842,2.2,us6000t7zc,1,2026-06-25 03:50:49,1.0,8.42946206893492e-05,-259.0,1
sim_84,0.2490813773148148,1782360194020,9.594710249065503,-67.20822935309971,3.2,us6000t7zp,1,2026-06-25 04:03:14,1.0,0.021913163753599994,-259.0,2
sim_346,0.2503865162037037,1782360306784,9.597518554114112,-67.14833739894726,3.4,sim_84,2,2026-06-25 04:05:06,126.0,0.003558811435221789,1.0,1
sim_37,0.25086552083333336,1782360348170,11.394755574892384,-67.63841478986535,2.5,us6000t7zp,1,2026-06-25 04:05:48,1.0,0.015570585476508452,-259.0,1
sim_233,0.2577892013888889,1782360946376,10.498258417886785,-68.57723486939784,2.1,us6000t7zc,1,2026-06-25 04:15:46,0.0,0.00012567051724202607,-33.0,1
sim_216,0.2824753125,1782363079256,10.653427802907444,-68.40707942185917,2.8,us6000t7zp,1,2026-06-25 04:51:19,1.0,0.0005700087309169182,-259.0,1
sim_186,0.28281064814814816,1782363108229,10.747642636874255,-68.2404536417441,2.1,us6000t7zp,1,2026-06-25 04:51:48,1.0,0.0016484090719919506,-259.0,1
sim_162,0.2846551736111111,1782363267596,9.31309987449958,-67.459309472775,2.1,us6000t7zp,1,2026-06-25 04:54:27,1.0,0.025041578628486952,-259.0,1
sim_197,0.28841917824074076,1782363592806,10.458858965836226,-68.48592775642366,2.4,us6000t7zp,1,2026-06-25 04:59:52,1.0,8.591443636700468e-06,-259.0,1
sim_274,0.3211865277777778,1782366423905,10.535128610976118,-68.53388501060677,2.0,us6000t7zc,1,2026-06-25 05:47:03,1.0,0.00017252130153528128,-259.0,1
us6000t81p,0.32210355324074075,1782366503136,10.5111,-66.5057,4.4,NONE,0,2026-06-25 05:48:23,1.0,0.047072699815871685,-259.0,2
sim_211,0.3226789583333333,1782366552851,10.45037451457214,-68.46120850046853,2.4,us6000t7zp,1,2026-06-25 05:49:12,1.0,4.255360674228577e-06,-259.0,1
sim_19,0.32447605324074075,1782366708120,10.699539468745066,-66.58771759702476,2.0,us6000t81p,1,2026-06-25 05:51:48,135.0,0.004905835136504381,1.0,1
sim_171,0.334555,1782367578941,10.395147196522986,-68.3859269237784,2.3,us6000t7zp,1,2026-06-25 06:06:18,1.0,0.00011360420624916594,-259.0,1
sim_204,0.34561042824074073,1782368534130,10.43440563715019,-68.43565489364074,2.1,us6000t7zp,1,2026-06-25 06:22:14,1.0,1.6871870751594162e-05,-259.0,1
sim_258,0.3581460416666667,1782369617207,10.323585296247938,-68.53663656996449,2.6,us6000t7zc,1,2026-06-25 06:40:17,1.0,0.00023116067766642954,-259.0,1
sim_377,0.38069126157407407,1782371565114,10.672217524230998,-68.91452993399999,2.1,sim_256,2,2026-06-25 07:12:45,1.0,0.0036548817993623767,-259.0,1
sim_378,0.39148980324074073,1782372498108,9.76595269307978,-68.97169144444959,2.1,sim_258,2,2026-06-25 07:28:18,1.0,0.01055227958617455,-259.0,1
sim_24,0.40050167824074073,1782373276734,10.103309780734357,-68.1898847006315,2.1,us6000t7zp,1,2026-06-25 07:41:16,1.0,0.002923909815566961,-259.0,1
sim_261,0.4032488888888889,1782373514093,10.343449658694484,-68.572238434511,3.9,us6000t7zc,1,2026-06-25 07:45:14,1.0,0.00028661748175853944,-259.0,1
sim_92,0.40961712962962965,1782374064309,10.124232589142805,-68.46257501011854,2.8,us6000t7zp,1,2026-06-25 07:54:24,1.0,0.001547333570478684,-259.0,1
sim_306,0.41565246527777777,1782374585762,10.43917307951985,-68.58873516940665,2.5,us6000t7zc,1,2026-06-25 08:03:05,0.0,0.00011716006523660752,-33.0,1
sim_239,0.4388752777777778,1782376592213,10.372693652835194,-68.49785151910419,2.5,us6000t7zc,1,2026-06-25 08:36:32,1.0,7.819062051246897e-05,-259.0,1
sim_221,0.4458153125,1782377191832,10.410427051945474,-68.45024026118261,2.3,us6000t7zc,1,2026-06-25 08:46:31,1.0,1.828557977216703e-05,-259.0,1
sim_340,0.49019261574074074,1782381026031,10.94115771989141,-68.22193288827815,2.5,sim_44,2,2026-06-25 09:50:26,1.0,0.006056499821101205,-259.0,1
sim_294,0.5021845486111111,1782382062134,10.434632440431232,-68.45074266413717,2.5,us6000t7zc,1,2026-06-25 10:07:42,1.0,8.258647340439739e-06,-259.0,1
sim_242,0.5028201388888889,1782382117049,10.421190425689655,-68.58357064533911,3.3,us6000t7zc,1,2026-06-25 10:08:37,0.0,0.0001270389231795679,-33.0,1
sim_295,0.5373009027777778,1782385096187,10.385632877058155,-68.51288730014235,2.2,us6000t7zc,1,2026-06-25 10:58:16,1.0,8.597810371823585e-05,-259.0,1
sim_200,0.5433011805555555,1782385614611,10.454280811140034,-68.53491111797527,2.6,us6000t7zp,1,2026-06-25 11:06:54,0.0,1.629608940452211e-05,-33.0,1
sim_208,0.550560949074074,1782386241855,10.488908776832677,-68.6117497006352,2.6,us6000t7zp,1,2026-06-25 11:17:21,0.0,0.00041365191818806547,-33.0,1
sim_308,0.5634907523148148,1782387358990,10.441409108957632,-68.51646342503709,2.2,us6000t7zc,1,2026-06-25 11:35:58,0.0,6.654397974825321e-06,-33.0,1
sim_144,0.604515,1782390903485,10.481282981286324,-68.51261917320848,2.1,us6000t7zp,1,2026-06-25 12:35:03,1.0,8.880705896230991e-05,-259.0,1
sim_107,0.667854699074074,1782396376035,10.454145015576614,-68.45066865835405,2.0,us6000t7zp,1,2026-06-25 14:06:16,1.0,2.052236514271038e-05,-259.0,1
sim_124,0.6681311458333333,1782396399920,10.544761754341838,-68.48811856371704,2.8,us6000t7zp,1,2026-06-25 14:06:39,1.0,0.00032083314202166875,-259.0,1
sim_207,0.6975312152777777,1782398940086,10.501512368731063,-68.31743600184905,2.0,us6000t7zp,1,2026-06-25 14:49:00,1.0,0.000746605227276222,-259.0,1
sim_78,0.7102038888888889,1782400035005,10.457075293474675,-68.5222304954273,2.3,us6000t7zp,1,2026-06-25 15:07:15,0.0,2.6212347058864417e-05,-33.0,1
sim_309,0.7715747106481482,1782405337444,10.613069175630637,-68.57593863866319,2.2,us6000t7zc,1,2026-06-25 16:35:37,1.0,0.0012722557502992701,-259.0,1
sim_305,0.7876268055555555,1782406724345,10.466152690021792,-68.49711162910246,2.7,us6000t7zc,1,2026-06-25 16:58:44,1.0,4.905158055666214e-05,-259.0,1
sim_31,0.8743906712962963,1782414220743,11.93323151792642,-68.39549506862204,2.1,us6000t7zp,1,2026-06-25 19:03:40,1.0,0.07688347497909645,-259.0,1
sim_339,0.8797470023148148,1782414683530,9.871291744509175,-67.55203659701873,2.3,sim_38,2,2026-06-25 19:11:23,1.0,0.03909699195536223,-259.0,1
sim_51,0.910596099537037,1782417348892,10.376972196226795,-68.48193386315805,2.4,us6000t7zp,1,2026-06-25 19:55:48,1.0,0.00012391730518894004,-259.0,1
sim_275,0.9517953009259259,1782420908503,10.46973094573549,-68.52119815500284,2.6,us6000t7zc,1,2026-06-25 20:55:08,0.0,8.751888115908225e-05,-33.0,1
sim_155,0.9855266087962963,1782423822888,10.426845380414404,-68.50694591833275,2.7,us6000t7zp,1,2026-06-25 21:43:42,0.0,3.847439216362644e-05,-33.0,1
sim_312,0.9910033564814815,1782424296079,10.250938256292129,-68.58563539138315,2.1,us6000t7zc,1,2026-06-25 21:51:36,1.0,0.0018009774337277458,-259.0,1
sim_379,1.0055085532407408,1782425549328,9.848044096739246,-68.640714457006,2.6,sim_261,2,2026-06-25 22:12:29,1.0,0.014632316574649354,-259.0,1
sim_284,1.1131439467592592,1782434849026,10.444839649269518,-68.52983034006144,2.8,us6000t7zc,1,2026-06-26 00:47:29,0.0,7.166817873410122e-06,-33.0,1
sim_25,1.1647402777777778,1782439306949,10.544998058533496,-68.45181327954919,2.0,us6000t7zp,1,2026-06-26 02:01:46,1.0,0.0005670443458110454,-259.0,1
us6000t8d1,1.2603818171296297,1782447570378,10.4537,-68.3607,4.4,NONE,0,2026-06-26 04:19:30,1.0,0.0006030069632027449,-259.0,1
sim_16,1.2658745601851853,1782448044951,10.528632497228912,-68.399635046389,2.2,us6000t8d1,1,2026-06-26 04:27:24,1.0,0.0006806083270268238,-259.0,1
sim_15,1.273109537037037,1782448670053,10.04876967650568,-68.78136654073826,2.2,us6000t8d1,1,2026-06-26 04:37:50,1.0,0.012050628058018207,-259.0,1
sim_176,1.3823415856481482,1782458107702,10.368337133045744,-68.40181068056401,2.5,us6000t7zp,1,2026-06-26 07:15:07,1.0,0.0004954174196946869,-259.0,1
sim_334,1.3935289930555557,1782459074294,10.780670888257516,-68.16153681207817,2.5,sim_16,2,2026-06-26 07:31:14,1.0,0.011563745361644876,-259.0,1
sim_161,1.4108043981481482,1782460566889,10.422990987533131,-68.36084785325305,2.0,us6000t7zp,1,2026-06-26 07:56:06,1.0,0.0006623239499030282,-259.0,1
sim_255,1.5017298842592592,1782468422851,9.186587568133683,-68.12562451579208,2.9,us6000t7zc,1,2026-06-26 10:07:02,1.0,0.0983216732245561,-259.0,1
sim_68,1.5549259027777778,1782473018987,10.317515968808973,-68.57380627057773,2.0,us6000t7zp,1,2026-06-26 11:23:38,1.0,0.0014546476092365756,-259.0,1
sim_151,1.571919826388889,1782474487262,10.448193343779293,-68.51041591451717,2.3,us6000t7zp,1,2026-06-26 11:48:07,0.0,5.36638333214321e-05,-33.0,1
sim_182,1.6026243865740741,1782477140136,9.707341390191091,-68.28853767955115,2.4,us6000t7zp,1,2026-06-26 12:32:20,1.0,0.035213589647035276,-259.0,1
sim_118,1.664670775462963,1782482500944,10.357932907605226,-68.43834825193625,2.5,us6000t7zp,1,2026-06-26 14:01:40,1.0,0.0004570820844552108,-259.0,1
sim_18,1.6975494907407407,1782485341665,10.529322868539529,-66.39064357146569,2.3,us6000t81p,1,2026-06-26 14:49:01,1.0,0.27842336456178257,-259.0,1
sim_286,1.7608798611111112,1782490813409,10.656723007086995,-68.24567738293395,2.4,us6000t7zc,1,2026-06-26 16:20:13,1.0,0.006776374982258311,-259.0,1
sim_287,1.7941145833333334,1782493684889,11.692949954322405,-69.3600510700742,2.6,us6000t7zc,1,2026-06-26 17:08:04,1.0,0.16427795038007834,-259.0,1
sim_318,1.7948949652777777,1782493752314,10.245325682673682,-68.3433986547234,2.0,us6000t7zc,1,2026-06-26 17:09:12,1.0,0.0036428360370115084,-259.0,1
sim_224,1.8037832291666667,1782494520260,10.638829328557478,-68.53792963698461,2.1,us6000t7zc,1,2026-06-26 17:22:00,1.0,0.003226384460674999,-259.0,1
sim_188,1.833249849537037,1782497066176,10.493598605039011,-68.51240559246766,2.5,us6000t7zp,1,2026-06-26 18:04:26,1.0,0.00036061987450204295,-259.0,1
us6000t8k6,2.008084976851852,1782512171931,10.8,-67.5993,4.7,NONE,0,2026-06-26 22:16:11,1.0,0.06815351788916757,-265.0,4
sim_14,2.0084610300925925,1782512204422,10.389490056981536,-67.7154436811883,2.1,us6000t8k6,1,2026-06-26 22:16:44,189.0,0.0016843005850280415,-1.0,1
sim_13,2.014846574074074,1782512756133,9.314627486240123,-67.38656173803749,2.7,us6000t8k6,1,2026-06-26 22:25:56,1.0,0.1888791192005147,-259.0,1
sim_99,2.026953946759259,1782513802210,10.358043150394158,-68.37962203663378,2.0,us6000t7zp,1,2026-06-26 22:43:22,1.0,0.0011189776017923791,-259.0,1
sim_364,2.0293581134259258,1782514009930,9.70408739545353,-68.3740412859013,3.5,sim_182,2,2026-06-26 22:46:49,1.0,0.04312393010861568,-259.0,1
sim_401,2.0525530787037036,1782516013975,9.615475415532083,-68.3702254246238,2.1,sim_364,3,2026-06-26 23:20:13,1.0,0.05470106190871463,-259.0,1
sim_12,2.0882165625,1782519095300,10.920446075076338,-67.49905523239178,2.2,us6000t8k6,1,2026-06-27 00:11:35,189.0,0.047838835556910486,-1.0,1
sim_112,2.162251828703704,1782525491947,10.218171319953983,-69.9807920795806,2.0,us6000t7zp,1,2026-06-27 01:58:11,1.0,0.1903108495787004,-259.0,1
sim_126,2.214144722222222,1782529975493,10.320501069356254,-68.14942479638094,4.5,us6000t7zp,1,2026-06-27 03:12:55,1.0,0.009829254802096442,-259.0,1
sim_164,2.2590487962962964,1782533855205,10.600858839445817,-68.50372901562524,3.2,us6000t7zp,1,2026-06-27 04:17:35,1.0,0.0025145314338831247,-259.0,1
sim_209,2.3597220601851854,1782542553375,10.48121385811675,-68.45022547560406,2.2,us6000t7zp,1,2026-06-27 06:42:33,1.0,0.00023691690869772754,-259.0,1
sim_131,2.4067972106481483,1782546620668,10.801930041689458,-69.009352894602,2.3,us6000t7zp,1,2026-06-27 07:50:20,1.0,0.03894471216078842,-259.0,1
sim_352,2.5203049421296297,1782556427736,10.208091299554132,-68.17301337707151,2.5,sim_126,2,2026-06-27 10:33:47,1.0,0.013579190804742002,-259.0,1
sim_397,2.532731099537037,1782557501356,10.257334605416654,-68.16519066266207,2.2,sim_352,3,2026-06-27 10:51:41,1.0,0.012124767633461226,-259.0,1
sim_359,2.5404306597222224,1782558166598,10.52961035402056,-68.60271745130177,2.2,sim_164,2,2026-06-27 11:02:46,1.0,0.0025379131944921096,-259.0,1
sim_192,2.5665151041666667,1782560420294,10.317510365056876,-68.24577899274192,3.2,us6000t7zp,1,2026-06-27 11:40:20,1.0,0.0063377771381840685,-259.0,1
sim_278,2.5898456712962963,1782562436055,10.384710631160443,-68.47311301014918,2.5,us6000t7zc,1,2026-06-27 12:13:56,1.0,0.0002572919323571762,-259.0,1
sim_48,2.695504814814815,1782571565005,10.462654613533248,-68.49716396060904,2.5,us6000t7zp,1,2026-06-27 14:46:05,1.0,0.0001466063639103147,-259.0,1
sim_184,2.762491134259259,1782577352623,10.206354789387694,-68.23378909612987,2.0,us6000t7zp,1,2026-06-27 16:22:32,1.0,0.011562214876052355,-259.0,1
us6000t8q8,2.8861483449074075,1782588036606,10.6023,-67.5112,4.8,NONE,0,2026-06-27 19:20:36,1.0,0.10375595343383953,-261.0,3
sim_11,2.8946949652777776,1782588775034,10.618887217567623,-67.45342289572714,3.1,us6000t8q8,1,2026-06-27 19:32:55,208.0,0.0005862067014204762,0.0,1
sim_96,2.919883252314815,1782590951302,10.49940520726287,-68.66634652187193,3.3,us6000t7zp,1,2026-06-27 20:09:11,1.0,0.004658348941454205,-259.0,1
sim_8,2.9497722800925925,1782593533714,10.808880451495552,-67.59703657590707,3.0,us6000t8q8,1,2026-06-27 20:52:13,189.0,0.0019469243684544118,-1.0,1
sim_227,3.0643728819444442,1782603435206,10.410695282876144,-68.60034382988435,2.1,us6000t7zc,1,2026-06-27 23:37:15,0.0,0.0013733483025386679,-33.0,1
sim_330,3.1709336458333333,1782612642056,10.319491637036334,-68.54626694815512,2.9,us6000t7zc,1,2026-06-28 02:10:42,1.0,0.002325514185021725,-259.0,1
sim_391,3.1869238310185186,1782614023608,10.285595136060763,-68.55107346347323,2.3,sim_330,2,2026-06-28 02:33:43,1.0,0.003546247951799478,-259.0,1
sim_271,3.2428627314814813,1782618856729,10.41038757787987,-68.50083868867364,2.4,us6000t7zc,1,2026-06-28 03:54:16,1.0,0.00018225734189636535,-259.0,1
sim_167,3.303429085648148,1782624089662,10.441069700804189,-68.52258434283975,2.1,us6000t7zp,1,2026-06-28 05:21:29,0.0,1.3146606371682335e-05,-33.0,1
sim_307,3.3419179166666666,1782627415097,10.364632074229965,-68.50534555540865,2.0,us6000t7zc,1,2026-06-28 06:16:55,1.0,0.0007927015298420854,-259.0,1
sim_290,3.3525782175925927,1782628336147,10.372286605892848,-68.5958986639208,2.0,us6000t7zc,1,2026-06-28 06:32:16,0.0,0.0022385159814969665,-33.0,1
us6000t8su,3.4455669791666668,1782636370376,10.6806,-68.4901,4.5,NONE,0,2026-06-28 08:46:10,1.0,0.008163094062415823,-259.0,2
sim_6,3.4703452662037035,1782638511220,10.671017077746528,-68.46078686597849,2.4,us6000t8su,1,2026-06-28 09:21:51,219.0,0.0008928645142798365,1.0,1
us6000t8sx,3.4787669328703705,1782639238852,10.4497,-68.3766,4.3,NONE,0,2026-06-28 09:33:58,1.0,0.0012160724605941192,-259.0,1
sim_375,3.534139016203704,1782644023000,10.344679196907371,-68.68668128624608,2.4,sim_256,2,2026-06-28 10:53:43,1.0,0.007313271851923515,-259.0,1
sim_82,3.553000474537037,1782645652630,9.82498984581656,-69.6802304089826,2.0,us6000t7zp,1,2026-06-28 11:20:52,1.0,0.24833281559694972,-259.0,1
sim_134,3.7998696180555553,1782666982124,10.47511785804734,-68.56979265260377,2.2,us6000t7zp,1,2026-06-28 17:16:22,0.0,0.0009615513249623326,-33.0,1
sim_65,3.8570590509259257,1782671923291,10.439802492053593,-68.45159927671138,2.1,us6000t7zp,1,2026-06-28 18:38:43,1.0,6.167571123376076e-05,-259.0,1
sim_35,3.8608211574074076,1782672248337,10.459533875701489,-68.23408590013793,2.0,us6000t7zp,1,2026-06-28 18:44:08,1.0,0.008325017099703333,-259.0,1
sim_332,3.953565335648148,1782680261434,11.317712273086444,-68.3014787741209,2.1,us6000t7zc,1,2026-06-28 20:57:41,1.0,0.12472051724168105,-259.0,1
sim_277,3.9572916435185186,1782680583387,10.803045875581336,-68.79108795477697,2.3,us6000t7zc,1,2026-06-28 21:03:03,1.0,0.03620070160452406,-259.0,1
sim_382,3.9930953587962965,1782683676828,10.56593006747315,-68.54171169353386,2.3,sim_267,2,2026-06-28 21:54:36,1.0,0.0034139590940546723,-259.0,1
sim_5,4.048257662037037,1782688442851,10.795371345056097,-68.26159328778981,2.2,us6000t8sx,1,2026-06-28 23:14:02,1.0,0.027285488860519857,-259.0,1
sim_205,4.156451435185185,1782697790793,10.40422290818222,-68.47160779797225,2.3,us6000t7zp,1,2026-06-29 01:49:50,1.0,0.00015492420981568845,-259.0,1
sim_250,4.217260219907407,1782703044672,10.48155193214324,-68.4787269312499,2.0,us6000t7zc,1,2026-06-29 03:17:24,1.0,0.00036386291549818047,-259.0,1
sim_237,4.257473981481481,1782706519141,10.347110093162271,-68.51575500949498,2.3,us6000t7zc,1,2026-06-29 04:15:19,1.0,0.0016026318619868259,-259.0,1
sim_407,4.4621875578703705,1782724206394,10.66204124159624,-68.37269183733858,2.1,sim_382,3,2026-06-29 09:10:06,1.0,0.010634089122851414,-259.0,1
us6000t8yf,4.539237581018519,1782730863516,10.8601,-66.8435,4.6,NONE,0,2026-06-29 11:01:03,1.0,0.4863977154009807,-271.0,5
sim_2,4.540724930555555,1782730992023,9.556884969139984,-66.08723707640578,2.5,us6000t8yf,1,2026-06-29 11:03:12,235.0,0.10404266976533101,-2.0,1
sim_1,4.544139791666667,1782731287067,10.50853295491124,-67.3290251510803,2.1,us6000t8yf,1,2026-06-29 11:08:07,235.0,0.05347540904364081,-2.0,1
sim_3,4.5673463657407405,1782733292115,10.913395507006848,-66.8627461099487,2.1,us6000t8yf,1,2026-06-29 11:41:32,235.0,0.0027914998176464985,-2.0,1
sim_9,4.8297118287037035,1782755960491,10.59150178932371,-67.45441618297444,2.3,us6000t8q8,1,2026-06-29 17:59:20,208.0,0.12309331582750895,0.0,1
sim_4,4.963145439814815,1782767489155,10.808635013276758,-66.90536422145054,2.3,us6000t8yf,1,2026-06-29 21:11:29,235.0,0.08347796236339042,-2.0,1
sim_128,4.979004548611111,1782768859382,10.37692431217558,-68.50330184896863,3.3,us6000t7zp,1,2026-06-29 21:34:19,1.0,0.0008480561393175881,-259.0,1
sim_355,5.024490543981481,1782772789372,10.416969544911169,-68.41596710062855,2.2,sim_128,2,2026-06-29 22:39:49,1.0,0.0006526381072231335,-259.0,1
sim_354,5.370595983796297,1782802692882,10.356782362701631,-68.08176050317243,2.6,sim_126,2,2026-06-30 06:58:12,1.0,0.032158929765700284,-259.0,1
sim_398,5.383136064814815,1782803776345,9.798647611295074,-68.17962975764479,2.3,sim_354,3,2026-06-30 07:16:16,1.0,0.10263863129513826,-259.0,1
sim_191,5.448675706018519,1782809438970,10.423989811909715,-68.46070406003884,2.3,us6000t7zp,1,2026-06-30 08:50:38,1.0,5.07563032975317e-05,-259.0,1
sim_348,5.754068368055556,1782835824896,10.391754053263789,-68.50146722299596,2.2,sim_92,2,2026-06-30 16:10:24,1.0,0.0006167994216108497,-259.0,1
sim_79,5.8788127314814815,1782846602809,10.492421097044964,-68.27240241326784,2.2,us6000t7zp,1,2026-06-30 19:10:02,1.0,0.009574383653945504,-259.0,1
sim_136,6.557721238425926,1782905260504,10.255547375765524,-67.91540626849401,2.2,us6000t7zp,1,2026-07-01 11:27:40,1.0,0.08502104154097735,-259.0,1
sim_180,6.8124815740740745,1782927271797,10.419411923863894,-68.43143390875456,3.0,us6000t7zp,1,2026-07-01 17:34:31,1.0,0.00048117756182887607,-259.0,1
sim_373,6.865563460648148,1782931858072,10.61519826550398,-67.8838860508382,2.6,sim_254,2,2026-07-01 18:50:58,1.0,0.09832765450983864,-259.0,1
sim_80,7.012079305555556,1782944517041,10.325498917408227,-68.38347176401041,2.2,us6000t7zp,1,2026-07-01 22:21:57,1.0,0.005353296540995567,-259.0,1
sim_253,7.0155749537037035,1782944819065,9.972209134981084,-69.05680340796722,2.2,us6000t7zc,1,2026-07-01 22:26:59,1.0,0.1497559829966842,-259.0,1
sim_257,7.221037534722222,1782962571032,10.373278128971084,-67.89210021001824,2.3,us6000t7zc,1,2026-07-02 03:22:51,1.0,0.09279595501592561,-259.0,1
sim_50,7.709757546296296,1783004796441,10.428777606008731,-68.85955331640315,3.0,us6000t7zp,1,2026-07-02 15:06:36,1.0,0.04389213798661475,-259.0,1
sim_33,7.87459488425926,1783019038387,10.389828265000228,-68.6729319274816,2.2,us6000t7zp,1,2026-07-02 19:03:58,1.0,0.01270291412832871,-259.0,1
sim_41,7.989277164351852,1783028946936,10.508843627444929,-68.52551199119395,3.0,us6000t7zp,1,2026-07-02 21:49:06,1.0,0.0025765237900559675,-259.0,1
sim_338,8.934050868055555,1783110575384,9.86558744897432,-68.28346387892226,3.3,sim_38,2,2026-07-03 20:29:35,1.0,0.12527251241011267,-259.0,2
sim_392,8.94015255787037,1783111102570,9.893259226317303,-68.28922287248727,3.4,sim_338,3,2026-07-03 20:38:22,257.0,0.0030170169351530552,1.0,1
sim_362,9.26134335648148,1783138853455,10.7324896793893,-68.16992502818209,3.6,sim_173,2,2026-07-04 04:20:53,1.0,0.06386567626313605,-259.0,1
sim_83,9.640952847222222,1783171651715,10.400009097356072,-68.59266179565759,2.2,us6000t7zp,1,2026-07-04 13:27:31,0.0,0.004044467994251271,-33.0,1
sim_321,9.692883969907408,1783176138564,10.28821953581509,-68.54516020696221,2.3,us6000t7zc,1,2026-07-04 14:42:18,1.0,0.01016011730035637,-259.0,1
sim_285,10.0,1783202673389,10.637634492134858,-68.54034513442903,2.4,us6000t7zc,1,2026-07-04 22:04:33,1.0,0.017823874458744025,-259.0,2
sim_288,10.0,1783202673389,10.420893752938566,-68.49079505843252,2.4,us6000t7zc,1,2026-07-04 22:04:33,1.0,0.00021824194344590786,-282.0,6
sim_298,10.0,1783202673389,10.35015233053676,-68.60128627107387,2.2,us6000t7zc,1,2026-07-04 22:04:33,263.0,8.277333750962442e-05,-4.0,2
sim_291,10.0,1783202673389,10.144546465069322,-67.03153773286047,2.0,us6000t7zc,1,2026-07-04 22:04:33,263.0,0.01052362318413018,-3.0,1
sim_279,10.0,1783202673389,10.043979439582245,-68.16592981219145,2.7,us6000t7zc,1,2026-07-04 22:04:33,263.0,0.0012023803484636176,-3.0,1
sim_280,10.0,1783202673389,10.20784677581146,-68.63661608102561,2.5,us6000t7zc,1,2026-07-04 22:04:33,264.0,0.00016741174750197266,1.0,2
sim_281,10.0,1783202673389,10.40103115390676,-68.48941802352206,2.4,us6000t7zc,1,2026-07-04 22:04:33,263.0,1.9509971530220023e-06,-7.0,3
sim_319,10.0,1783202673389,10.35251063023753,-68.49107391924215,2.5,us6000t7zc,1,2026-07-04 22:04:33,268.0,1.1601390409521678e-05,-22.0,3
sim_317,10.0,1783202673389,10.427963576847732,-68.508414856242,2.4,us6000t7zc,1,2026-07-04 22:04:33,263.0,1.7241695159278086e-06,-3.0,1
sim_303,10.0,1783202673389,10.204390771150624,-68.7596209252631,2.6,us6000t7zc,1,2026-07-04 22:04:33,267.0,5.734747848261016e-05,1.0,1
sim_328,10.0,1783202673389,10.57157596885343,-68.80034439952387,2.9,us6000t7zc,1,2026-07-04 22:04:33,262.0,0.0003429574431160444,1.0,1
sim_326,10.0,1783202673389,10.381760099611954,-68.55355613082602,3.6,us6000t7zc,1,2026-07-04 22:04:33,269.0,1.811525795137137e-05,-385.0,21
sim_325,10.0,1783202673389,10.434480682078089,-68.46064459132639,2.4,us6000t7zc,1,2026-07-04 22:04:33,273.0,3.456810522794524e-06,-18.0,2
sim_324,10.0,1783202673389,10.438497738948092,-68.75172063838862,2.1,us6000t7zc,1,2026-07-04 22:04:33,273.0,1.2797714138740129e-05,-18.0,1
sim_320,10.0,1783202673389,10.292188917397423,-68.46189816357668,2.0,us6000t7zc,1,2026-07-04 22:04:33,273.0,5.016968791626746e-06,-18.0,1
sim_283,10.0,1783202673389,10.38882143224817,-68.50587005981768,2.2,us6000t7zc,1,2026-07-04 22:04:33,273.0,6.987772517204761e-07,-18.0,1
sim_331,10.0,1783202673389,10.814590218545003,-69.24623221478859,2.3,us6000t7zc,1,2026-07-04 22:04:33,273.0,0.00020215780663254294,-18.0,1
sim_310,10.0,1783202673389,10.523331780256452,-68.17837280800981,2.5,us6000t7zc,1,2026-07-04 22:04:33,273.0,4.8503495166429316e-05,-18.0,2
sim_273,10.0,1783202673389,10.36757480663455,-68.7379722538537,2.9,us6000t7zc,1,2026-07-04 22:04:33,273.0,1.0282472888570835e-05,-18.0,2
sim_265,10.0,1783202673389,10.421059634397212,-68.71784874212257,3.2,us6000t7zc,1,2026-07-04 22:04:33,280.0,5.0626039133115105e-06,1.0,1
sim_268,10.0,1783202673389,11.767750663180896,-67.82584332705228,2.9,us6000t7zc,1,2026-07-04 22:04:33,273.0,0.0007550037761769526,-18.0,1
sim_269,10.0,1783202673389,10.642384593263175,-68.38294365515645,2.2,us6000t7zc,1,2026-07-04 22:04:33,273.0,2.983556212034307e-05,-18.0,1
sim_246,10.0,1783202673389,10.412829095737134,-68.57949423833055,2.5,us6000t7zc,1,2026-07-04 22:04:33,273.0,5.01941339156778e-07,-18.0,1
sim_248,10.0,1783202673389,10.66718335408378,-69.9658929767748,3.1,us6000t7zc,1,2026-07-04 22:04:33,273.0,0.0006241380580951359,-20.0,3
sim_228,10.0,1783202673389,10.440234476164282,-68.46547794706137,2.5,us6000t7zc,1,2026-07-04 22:04:33,274.0,2.7417710997017447e-07,1.0,1
sim_229,10.0,1783202673389,10.074428867699725,-69.05142476812338,2.1,us6000t7zc,1,2026-07-04 22:04:33,273.0,0.00010389111615207347,-18.0,1
sim_230,10.0,1783202673389,10.40789050362187,-68.47977498289373,2.4,us6000t7zc,1,2026-07-04 22:04:33,268.0,6.743881074275764e-07,0.0,1
sim_232,10.0,1783202673389,10.415020937219465,-68.5558703407445,2.1,us6000t7zc,1,2026-07-04 22:04:33,273.0,3.45195804477649e-07,-18.0,1
sim_251,10.0,1783202673389,10.346109785055695,-68.54231402127533,2.0,us6000t7zc,1,2026-07-04 22:04:33,273.0,4.3270883525622834e-07,-18.0,1
sim_262,10.0,1783202673389,10.630855463528178,-68.21292345757742,2.1,us6000t7zc,1,2026-07-04 22:04:33,279.0,4.971435306987319e-05,1.0,1
sim_249,10.0,1783202673389,10.360314701842984,-68.48607215802934,2.9,us6000t7zc,1,2026-07-04 22:04:33,269.0,3.3278520478697156e-07,0.0,1
sim_235,10.0,1783202673389,10.71728493066515,-68.46365528473211,2.5,us6000t7zc,1,2026-07-04 22:04:33,273.0,3.73898417784546e-05,-18.0,1
sim_240,10.0,1783202673389,10.39552249017023,-68.59234790099174,2.7,us6000t7zc,1,2026-07-04 22:04:33,273.0,5.109848751162479e-07,-18.0,1
sim_243,10.0,1783202673389,10.095080812734269,-68.75142842095006,2.9,us6000t7zc,1,2026-07-04 22:04:33,273.0,3.730078484363271e-05,-18.0,1
sim_244,10.0,1783202673389,10.44067972480875,-68.59920938445867,2.5,us6000t7zc,1,2026-07-04 22:04:33,273.0,1.7043490753256378e-06,-18.0,1
sim_245,10.0,1783202673389,10.786108156051943,-67.12015738196592,2.1,us6000t7zc,1,2026-07-04 22:04:33,273.0,0.0006673688874709149,-18.0,1
sim_223,10.0,1783202673389,10.452025947711675,-68.41304327631362,3.0,us6000t7zc,1,2026-07-04 22:04:33,273.0,7.464941739366726e-06,-18.0,1
sim_263,10.0,1783202673389,10.72996023618435,-69.96657192143535,2.2,us6000t7zc,1,2026-07-04 22:04:33,285.0,3.870958139163722e-06,0.0,1
sim_225,10.0,1783202673389,10.194925799067857,-70.03310361395071,2.1,us6000t7zc,1,2026-07-04 22:04:33,285.0,0.0002233332899226496,0.0,1
sim_58,10.000441863425927,1783202711566,10.429643068217928,-68.51956575903328,2.4,us6000t7zp,1,2026-07-04 22:05:11,0.0,8.145504768224166e-05,-48.0,4
sim_104,10.000441863425927,1783202711566,8.935437887106463,-68.43922834004756,2.7,us6000t7zp,1,2026-07-04 22:05:11,301.0,0.011020684586294877,-1.0,1
sim_106,10.000441863425927,1783202711566,10.437010758436092,-68.51349884304545,2.2,us6000t7zp,1,2026-07-04 22:05:11,301.0,4.424342885623107e-07,-2.0,2
sim_120,10.000441863425927,1783202711566,10.528884062459973,-68.64061470967786,3.3,us6000t7zp,1,2026-07-04 22:05:11,301.0,0.00011821889497249074,-78.0,9
sim_115,10.000441863425927,1783202711566,10.350631206135098,-68.56291029309368,3.3,us6000t7zp,1,2026-07-04 22:05:11,304.0,2.330865246490956e-05,-325.0,19
sim_114,10.000441863425927,1783202711566,10.45960710346001,-68.47651008044521,2.4,us6000t7zp,1,2026-07-04 22:05:11,305.0,1.183424520893628e-05,-23.0,4
sim_113,10.000441863425927,1783202711566,10.346792501503073,-68.55855157091712,2.4,us6000t7zp,1,2026-07-04 22:05:11,305.0,2.0524557179139118e-08,-16.0,1
sim_138,10.000441863425927,1783202711566,10.55467306977993,-68.53720474640424,2.3,us6000t7zp,1,2026-07-04 22:05:11,304.0,6.816990017480986e-06,-6.0,2
sim_110,10.000441863425927,1783202711566,10.43273181073898,-68.45902874442713,2.1,us6000t7zp,1,2026-07-04 22:05:11,306.0,5.0100973984631345e-06,-8.0,2
sim_108,10.000441863425927,1783202711566,10.282696861745638,-68.73987133698131,2.1,us6000t7zp,1,2026-07-04 22:05:11,305.0,2.1643016970909432e-05,-16.0,2
sim_125,10.000441863425927,1783202711566,10.43435490361741,-68.04450631622264,2.0,us6000t7zp,1,2026-07-04 22:05:11,305.0,0.00016545994258180725,-16.0,1
sim_137,10.000441863425927,1783202711566,10.570606634986458,-68.47874382086182,2.1,us6000t7zp,1,2026-07-04 22:05:11,304.0,1.6771496398967266e-05,-6.0,1
sim_59,10.000441863425927,1783202711566,10.194602100682426,-68.54685785449753,2.9,us6000t7zp,1,2026-07-04 22:05:11,305.0,1.5240848133236261e-05,-16.0,2
sim_103,10.000441863425927,1783202711566,10.507523135404076,-68.5413148683467,2.0,us6000t7zp,1,2026-07-04 22:05:11,304.0,6.189498220153797e-06,-12.0,2
sim_111,10.000441863425927,1783202711566,10.428502488245288,-68.3199356125585,2.0,us6000t7zp,1,2026-07-04 22:05:11,305.0,3.9151974496118774e-05,-16.0,2
sim_102,10.000441863425927,1783202711566,10.56243777347376,-68.2407343490911,2.0,us6000t7zp,1,2026-07-04 22:05:11,305.0,9.000302109975051e-05,-16.0,1
sim_39,10.000441863425927,1783202711566,10.288824684033502,-68.88309836560377,2.1,us6000t7zp,1,2026-07-04 22:05:11,305.0,6.385863244745205e-05,-16.0,1
sim_94,10.000441863425927,1783202711566,10.442156339279954,-68.36639523632911,2.2,us6000t7zp,1,2026-07-04 22:05:11,315.0,2.8117824622690324e-05,1.0,1
sim_57,10.000441863425927,1783202711566,10.531419854250538,-68.33164203046734,3.2,us6000t7zp,1,2026-07-04 22:05:11,305.0,5.2309310872484374e-05,-39.0,6
sim_34,10.000441863425927,1783202711566,10.514758721020431,-68.43746265803863,2.0,us6000t7zp,1,2026-07-04 22:05:11,319.0,8.661137427807814e-06,-3.0,2
sim_42,10.000441863425927,1783202711566,9.743490953336869,-68.33801960493028,2.6,us6000t7zp,1,2026-07-04 22:05:11,305.0,0.00025881411593808135,-16.0,1
sim_23,10.000441863425927,1783202711566,10.489806121467756,-68.40440419687421,2.7,us6000t7zp,1,2026-07-04 22:05:11,319.0,5.34381783267648e-06,-3.0,1
sim_53,10.000441863425927,1783202711566,11.116968883891689,-69.12398824964525,3.2,us6000t7zp,1,2026-07-04 22:05:11,304.0,0.000353996180408195,-6.0,2
sim_47,10.000441863425927,1783202711566,10.261473507391086,-68.34464303787284,2.2,us6000t7zp,1,2026-07-04 22:05:11,305.0,3.350308155172531e-05,-16.0,2
sim_98,10.000441863425927,1783202711566,10.436387411659434,-68.50892433671122,2.7,us6000t7zp,1,2026-07-04 22:05:11,303.0,1.6092615326747892e-07,1.0,2
sim_32,10.000441863425927,1783202711566,10.367825122268766,-68.48102172312107,2.5,us6000t7zp,1,2026-07-04 22:05:11,305.0,4.204266948433054e-06,-16.0,1
sim_69,10.000441863425927,1783202711566,10.56491224490036,-68.53673395307845,2.6,us6000t7zp,1,2026-07-04 22:05:11,308.0,6.51007959618029e-07,1.0,1
sim_61,10.000441863425927,1783202711566,10.433739196079133,-68.61683186724406,2.9,us6000t7zp,1,2026-07-04 22:05:11,304.0,5.948621491207225e-06,-6.0,1
sim_62,10.000441863425927,1783202711566,10.189404915181573,-68.39766728235747,2.7,us6000t7zp,1,2026-07-04 22:05:11,305.0,3.249075961157227e-05,-16.0,1
sim_122,10.000441863425927,1783202711566,11.650930796367378,-67.57832979076682,2.2,us6000t7zp,1,2026-07-04 22:05:11,319.0,0.0014040594435621495,-3.0,1
sim_91,10.000441863425927,1783202711566,10.396637132956426,-68.38745058651647,2.2,us6000t7zp,1,2026-07-04 22:05:11,319.0,1.6521893158411908e-05,-4.0,2
sim_93,10.000441863425927,1783202711566,10.310483415863196,-68.40556833329128,2.0,us6000t7zp,1,2026-07-04 22:05:11,305.0,1.584667889488147e-05,-16.0,2
sim_27,10.000441863425927,1783202711566,10.417996792888612,-68.37454198538968,2.3,us6000t7zp,1,2026-07-04 22:05:11,331.0,4.816785118029e-06,1.0,2
sim_55,10.000441863425927,1783202711566,10.48820097333694,-68.5329200312622,3.4,us6000t7zp,1,2026-07-04 22:05:11,314.0,5.458593555855747e-06,-29.0,7
sim_121,10.000441863425927,1783202711566,10.43920814520988,-68.44661670365173,3.2,us6000t7zp,1,2026-07-04 22:05:11,309.0,1.875351213976495e-06,-43.0,8
sim_77,10.000441863425927,1783202711566,10.509733782246624,-68.36410145143707,2.8,us6000t7zp,1,2026-07-04 22:05:11,319.0,1.161444950619646e-06,-3.0,2
sim_177,10.000441863425927,1783202711566,10.51757589168828,-68.55753751687323,2.2,us6000t7zp,1,2026-07-04 22:05:11,334.0,7.131309475339982e-07,-4.0,1
sim_189,10.000441863425927,1783202711566,10.53695211594187,-68.61576052268408,2.1,us6000t7zp,1,2026-07-04 22:05:11,304.0,4.1034328277012495e-07,-6.0,1
sim_190,10.000441863425927,1783202711566,10.40917009998746,-68.51540629949602,2.3,us6000t7zp,1,2026-07-04 22:05:11,325.0,1.9277735319626265e-06,1.0,1
sim_194,10.000441863425927,1783202711566,9.886799041040751,-67.36767075783358,2.2,us6000t7zp,1,2026-07-04 22:05:11,334.0,0.0008254728845078524,-4.0,1
sim_196,10.000441863425927,1783202711566,10.36310623582676,-69.08718370006629,2.1,us6000t7zp,1,2026-07-04 22:05:11,304.0,0.00013654747605763113,-6.0,1
sim_199,10.000441863425927,1783202711566,10.511062120409786,-68.52548941667796,2.3,us6000t7zp,1,2026-07-04 22:05:11,334.0,2.835318801495133e-07,-4.0,1
sim_212,10.000441863425927,1783202711566,10.453817855613853,-68.46821318973805,2.5,us6000t7zp,1,2026-07-04 22:05:11,306.0,4.926568074448995e-07,-1.0,1
sim_206,10.000441863425927,1783202711566,10.49197955059439,-68.44898965897285,2.1,us6000t7zp,1,2026-07-04 22:05:11,335.0,2.1767853560965663e-06,-5.0,1
sim_213,10.000441863425927,1783202711566,10.444910467825869,-68.4585899056054,2.1,us6000t7zp,1,2026-07-04 22:05:11,335.0,1.335318557254416e-07,-5.0,2
sim_156,10.000441863425927,1783202711566,10.518311880489453,-68.38968869542056,2.4,us6000t7zp,1,2026-07-04 22:05:11,336.0,1.3844471539167807e-06,1.0,1
sim_158,10.000441863425927,1783202711566,10.62099492153696,-68.45639717746204,2.2,us6000t7zp,1,2026-07-04 22:05:11,334.0,1.1465810855080367e-05,-4.0,1
sim_154,10.000441863425927,1783202711566,10.2727947916515,-68.55039946730629,2.1,us6000t7zp,1,2026-07-04 22:05:11,305.0,3.848242633881122e-06,-16.0,1
sim_54,10.000441863425927,1783202711566,10.411228434512005,-68.35744618419642,2.0,us6000t7zp,1,2026-07-04 22:05:11,333.0,2.0358244057976013e-06,1.0,1
sim_145,10.000441863425927,1783202711566,10.413085894420028,-68.46441846049152,2.3,us6000t7zp,1,2026-07-04 22:05:11,335.0,7.714728270248915e-07,-5.0,1
sim_187,10.000441863425927,1783202711566,10.22247391746835,-68.64784737820563,2.1,us6000t7zp,1,2026-07-04 22:05:11,305.0,1.4505891431742066e-05,-16.0,1
sim_130,10.000441863425927,1783202711566,10.317949684610912,-68.38253401848444,2.3,us6000t7zp,1,2026-07-04 22:05:11,332.0,7.03919703785903e-06,1.0,1
sim_174,10.000441863425927,1783202711566,10.389584238573187,-68.45806972762334,2.4,us6000t7zp,1,2026-07-04 22:05:11,335.0,2.0200961750062174e-06,-5.0,2
sim_71,10.000441863425927,1783202711566,9.981415274186592,-68.63450066558042,2.0,us6000t7zp,1,2026-07-04 22:05:11,313.0,8.233377718778013e-05,1.0,1
sim_74,10.000441863425927,1783202711566,10.331331162077827,-68.59637289394009,3.3,us6000t7zp,1,2026-07-04 22:05:11,305.0,9.023561750931591e-07,-16.0,1
sim_73,10.000441863425927,1783202711566,10.652617120966724,-68.51369622902128,2.3,us6000t7zp,1,2026-07-04 22:05:11,334.0,1.3482133185026358e-05,-4.0,1
sim_88,10.000441863425927,1783202711566,10.29574705102934,-68.32543198401517,2.1,us6000t7zp,1,2026-07-04 22:05:11,324.0,1.195159303173263e-05,1.0,1
sim_185,10.000441863425927,1783202711566,10.40129860712617,-68.44778092787587,2.2,us6000t7zp,1,2026-07-04 22:05:11,335.0,1.122181104143294e-06,-5.0,1
sim_89,10.000441863425927,1783202711566,10.504739181039534,-68.43687701560162,2.6,us6000t7zp,1,2026-07-04 22:05:11,320.0,1.2453674449674654e-06,1.0,1
sim_90,10.000441863425927,1783202711566,11.217901987828665,-69.7726579793633,2.6,us6000t7zp,1,2026-07-04 22:05:11,323.0,0.00032389359281953365,1.0,1
sim_86,10.000441863425927,1783202711566,10.464065610059322,-68.4852285596471,2.0,us6000t7zp,1,2026-07-04 22:05:11,306.0,4.5966571865599093e-07,-1.0,1
sim_217,10.000441863425927,1783202711566,10.441767564062795,-68.46021931103961,2.2,us6000t7zp,1,2026-07-04 22:05:11,345.0,1.2223198739951514e-07,1.0,1
sim_210,10.000441863425927,1783202711566,10.533733399274189,-68.48474687977692,2.9,us6000t7zp,1,2026-07-04 22:05:11,334.0,2.124782220728488e-06,-4.0,1
sim_169,10.000441863425927,1783202711566,10.354354622633544,-68.43916789994948,2.0,us6000t7zp,1,2026-07-04 22:05:11,335.0,5.658944067519593e-06,-5.0,1
sim_170,10.000441863425927,1783202711566,10.251957767056314,-68.7432659858847,2.1,us6000t7zp,1,2026-07-04 22:05:11,310.0,9.389669674000328e-06,1.0,1
sim_179,10.000441863425927,1783202711566,10.407460218616624,-68.57172599895678,2.1,us6000t7zp,1,2026-07-04 22:05:11,305.0,2.0478872339889877e-06,-16.0,1
sim_172,10.000441863425927,1783202711566,10.391307437713229,-68.47697891412645,2.8,us6000t7zp,1,2026-07-04 22:05:11,353.0,1.7173788199380045e-06,1.0,1
sim_203,10.000441863425927,1783202711566,10.42167598767162,-68.41691348019722,2.0,us6000t7zp,1,2026-07-04 22:05:11,335.0,9.055344981464723e-07,-5.0,1
sim_361,10.007993148148149,1783203363997,10.48663183439249,-68.42646169362811,2.2,sim_172,2,2026-07-04 22:16:03,1.0,0.0018100371352067959,-259.0,1
sim_22,10.01343037037037,1783203833773,10.959337506138562,-66.53985679233219,2.4,us6000t80d,1,2026-07-04 22:23:53,1.0,1.518183387946985,-259.0,1
sim_385,10.019292430555556,1783204340255,10.579624414516063,-68.4800833949863,2.2,sim_285,2,2026-07-04 22:32:20,1.0,0.008209458115308986,-259.0,1
sim_356,10.020435474537036,1783204439014,10.445187550040872,-68.3825570268719,2.4,sim_140,2,2026-07-04 22:33:59,1.0,0.0030441203945846622,-259.0,1
sim_363,10.02335986111111,1783204691681,10.385919234641182,-68.50617618310893,2.4,sim_175,2,2026-07-04 22:38:11,1.0,0.0014010942544271459,-259.0,1
sim_360,10.054087800925926,1783207346575,10.382075842116963,-68.4475088928174,4.1,sim_166,2,2026-07-04 23:22:26,1.0,0.0013258968006495666,-259.0,1
sim_336,10.059595243055556,1783207822418,10.436401521291309,-68.39471785179838,2.8,sim_28,2,2026-07-04 23:30:22,1.0,0.0022491750568149373,-259.0,1
sim_408,10.066430416666666,1783208412977,10.417240447693302,-68.35190279366729,2.3,sim_383,3,2026-07-04 23:40:12,1.0,0.005579764368580295,-259.0,1
sim_372,10.094324363425926,1783210823014,10.348342280534608,-68.58454780279219,2.2,sim_244,2,2026-07-05 00:20:23,1.0,0.007841606437534112,-259.0,1
sim_403,10.105348229166667,1783211775476,10.151499459443766,-68.48713889241651,2.3,sim_372,3,2026-07-05 00:36:15,1.0,0.03186960517344262,-259.0,1
sim_374,10.167998622685186,1783217188470,10.61909402287412,-68.72427367212461,3.5,sim_256,2,2026-07-05 02:06:28,1.0,0.03799206389952565,-259.0,1
sim_347,10.170114212962963,1783217371257,10.29921050159504,-68.36498211700597,3.2,sim_88,2,2026-07-05 02:09:31,1.0,0.011716188343159493,-259.0,1
sim_390,10.210042951388889,1783220821100,11.27004529159442,-66.85182231321279,2.2,sim_329,2,2026-07-05 03:07:01,1.0,1.2884817177802326,-259.0,1
sim_388,10.245509282407408,1783223885391,10.492085254105929,-68.07071136559196,2.2,sim_318,2,2026-07-05 03:58:05,1.0,0.06355469040201409,-259.0,1
sim_395,10.250386516203704,1783224306784,9.534365421624145,-66.9955508875665,2.5,sim_346,3,2026-07-05 04:05:06,1.0,1.1720396176928005,-259.0,1
sim_404,10.253489837962963,1783224574911,10.442102518112646,-69.06389514233221,2.3,sim_374,3,2026-07-05 04:09:34,1.0,0.13603985167622762,-259.0,1
sim_343,10.315918159722223,1783229968718,10.515851712472324,-68.997581930324,3.6,sim_53,2,2026-07-05 05:39:28,1.0,0.11052515370122556,-259.0,1
sim_20,10.32210355324074,1783230503136,10.548679743503971,-66.56624834299515,2.3,us6000t81p,1,2026-07-05 05:48:23,1.0,1.4217284175145102,-260.0,2
sim_17,10.32210355324074,1783230503136,10.34865835884693,-66.48380779809348,2.5,us6000t81p,1,2026-07-05 05:48:23,386.0,0.0002886576233762431,1.0,2
sim_335,10.328738449074073,1783231076391,10.34200241148247,-66.53798501711415,2.1,sim_17,2,2026-07-05 05:57:56,387.0,0.07483799522683085,1.0,1
sim_381,10.40324888888889,1783237514093,10.364353043389974,-68.5596385979775,3.8,sim_261,2,2026-07-05 07:45:14,0.0,0.004967052147996559,-33.0,2
sim_380,10.40324888888889,1783237514093,10.328010847388564,-68.62622293619972,2.7,sim_261,2,2026-07-05 07:45:14,389.0,1.0995829846574404e-06,1.0,1
sim_345,10.443340520833333,1783240978010,10.784210050879,-68.21318902363342,2.7,sim_55,2,2026-07-05 08:42:58,1.0,0.07610515002253193,-259.0,1
sim_400,10.454119849537037,1783241909344,10.835186067004727,-68.56909787242377,2.0,sim_362,3,2026-07-05 08:58:29,1.0,0.0691783195442973,-259.0,1
sim_337,10.543173946759259,1783249603618,11.619144064849207,-68.93325297215243,2.1,sim_34,2,2026-07-05 11:06:43,1.0,0.6625432275752812,-259.0,1
sim_369,10.733404050925927,1783266039499,10.513670651180384,-68.49330927882869,2.6,sim_223,2,2026-07-05 15:40:39,1.0,0.0027819014756724158,-259.0,1
sim_368,10.86009,1783276985165,10.496256511780132,-68.43584489101973,2.0,sim_223,2,2026-07-05 18:43:05,1.0,0.002112992068390558,-259.0,1
sim_386,11.76087986111111,1783354813409,10.271294243471647,-68.83830716956543,2.3,sim_286,2,2026-07-06 16:20:13,1.0,0.0721757260674065,-259.0,1
sim_389,11.794894965277777,1783357752314,10.200700053150491,-68.43689851090183,2.2,sim_318,2,2026-07-06 17:09:12,1.0,0.02587494738924072,-259.0,1
sim_367,11.979837523148149,1783373731351,10.350121634535457,-68.34323091818608,2.1,sim_223,2,2026-07-06 21:35:31,1.0,0.010849578013416518,-259.0,1
sim_351,12.02695394675926,1783377802210,10.422062976097862,-68.36380062735974,2.7,sim_99,2,2026-07-06 22:43:22,1.0,0.005365278824346273,-259.0,1
sim_350,12.04810611111111,1783379629757,10.41829283720518,-68.52552895840108,2.7,sim_98,2,2026-07-06 23:13:49,0.0,0.00029898954971529265,-33.0,1
sim_396,12.060524201388889,1783380702680,10.45930472465887,-68.52802357499657,2.5,sim_351,3,2026-07-06 23:31:42,0.0,0.0005110990160455879,-33.0,1
sim_353,12.214144722222223,1783393975493,10.347878598114336,-68.11313204753908,2.5,sim_126,2,2026-07-07 03:12:55,1.0,0.06300110990234832,-259.0,1
sim_10,12.886148344907408,1783452036606,10.165791704893952,-68.1397123626697,2.6,us6000t8q8,1,2026-07-07 19:20:36,1.0,0.09026211292881729,-259.0,1
sim_349,12.919883252314815,1783454951302,10.48286814265645,-68.70371321760575,2.3,sim_96,2,2026-07-07 20:09:11,1.0,0.027471101064354762,-259.0,1
sim_370,13.064372881944445,1783467435206,10.528265126076333,-68.60385283655486,2.2,sim_227,2,2026-07-07 23:37:15,1.0,0.01307202016904449,-259.0,1
sim_7,13.445566979166667,1783500370376,10.728211546567668,-68.42131952973716,3.5,us6000t8su,1,2026-07-08 08:46:10,1.0,0.04644906267817328,-259.0,1
sim_333,13.470345266203704,1783502511220,10.626601710945852,-68.42600735091425,2.1,sim_6,2,2026-07-08 09:21:51,1.0,0.020372537468406816,-259.0,1
sim_341,16.087027303240742,1783728592548,10.001791175957532,-68.89993438096823,2.3,sim_47,2,2026-07-11 00:09:52,1.0,0.22986031798116283,-259.0,1
sim_384,20.0,1784066673389,10.34693501188673,-68.79615555226086,2.2,sim_273,2,2026-07-14 22:04:33,1.0,0.08576854601733883,-259.0,2
sim_371,20.0,1784066673389,9.833660103067048,-68.9837098234089,2.4,sim_230,2,2026-07-14 22:04:33,409.0,0.0023212750278995492,1.0,1
sim_344,20.000441863425927,1784066711566,10.080843410255508,-68.50087825108842,2.2,sim_55,2,2026-07-14 22:05:11,1.0,0.09878675870382056,-259.0,2
sim_365,20.000441863425927,1784066711566,9.939987021560505,-67.32427701393362,2.5,sim_194,2,2026-07-14 22:05:11,411.0,0.010628549937338123,1.0,1
sim_399,20.054087800925927,1784071346575,10.435606103699191,-68.67291379848568,3.3,sim_360,3,2026-07-14 23:22:26,1.0,0.030734525308016618,-259.0,1
sim_405,20.167998622685186,1784081188470,10.565414744872427,-68.63180602220835,2.4,sim_374,3,2026-07-15 02:06:28,1.0,0.03295737593263841,-259.0,1
sim_394,20.315918159722223,1784093968718,10.50628109749312,-69.04470439623746,2.0,sim_343,3,2026-07-15 05:39:28,1.0,0.2563022567691632,-259.0,1
sim_406,20.40324888888889,1784101514093,10.37348287242225,-68.61184941094687,2.1,sim_380,3,2026-07-15 07:45:14,0.0,0.017124704837168218,-33.0,1
sim_402,20.733404050925927,1784130039499,10.571707685420508,-68.15087046842876,2.3,sim_369,3,2026-07-15 15:40:39,1.0,0.09574592689343678,-259.0,1
sim_410,20.98499275462963,1784151776763,10.830268966344496,-68.91095099540816,2.2,sim_399,4,2026-07-15 21:42:56,1.0,0.28111008421211287,-259.0,1
sim_393,26.087027303240742,1784592592548,9.88210064628232,-68.8793433544452,2.1,sim_341,3,2026-07-21 00:09:52,1.0,0.47621329938287554,-259.0,1
